"last_name, first_name","player_id","attempts","avg_hit_angle","anglesweetspotpercent","max_hit_speed","avg_hit_speed","ev50","fbld","gb","max_distance","avg_distance","avg_hr_distance","ev95plus","ev95percent","barrels","brl_percent","brl_pa"
"Arraez, Luis","650333","72","10.2",40.3,"107.8","87.5","94.4","89.8","84.5","376","156","357","17",23.6,"0",0,0
"Tucker, Kyle","663656","64","19.5",42.2,"108.1","91.2","100.7","94.6","83.3","427","215","404","29",45.3,"12",18.8,13.2
"Happ, Ian","664023","63","17.8",31.7,"110.7","86.3","97.1","90.1","84.2","404","158","366","18",28.6,"3",4.8,3.2
"Bichette, Bo","666182","62","9.4",46.8,"110.6","91.8","101.7","96.7","89","372","169",,"33",53.2,"6",9.7,7.4
"Edman, Tommy","669242","59","17.9",39,"108.6","91.6","102","94.1","91","423","193","402","30",50.8,"8",13.6,11
"Wilson, Jacob","805779","58","3",32.8,"103.6","85.1","96.1","85.7","86.5","414","113","378","17",29.3,"2",3.4,3.3
"Swanson, Dansby","621020","58","21.4",31,"107.9","91.9","101.6","95.4","90.3","420","185","413","31",53.4,"6",10.3,7.3
"Guerrero Jr., Vladimir","665489","57","8.2",38.6,"113.2","91.4","103.6","98.9","86.4","395","162",,"30",52.6,"6",10.5,8
"Díaz, Yandy","650490","57","-0.5",19.3,"112.5","91.8","104.8","96","90.9","415","124","378","30",52.6,"6",10.5,8.6
"Chourio, Jackson","694192","57","10.9",29.8,"110","89.6","102.4","97.4","82.5","448","163","405","27",47.4,"7",12.3,9.1
"Crow-Armstrong, Pete","691718","56","19.5",33.9,"108.6","89.2","98.3","92.6","86.3","412","164","391","21",37.5,"2",3.6,2.5
"Hoerner, Nico","663538","56","9.8",30.4,"104.7","86.5","95.7","88.6","85.5","354","146",,"15",26.8,"0",0,0
"Bregman, Alex","608324","56","18",30.4,"109.6","93.4","101.2","95.6","91.9","411","167","404","28",50,"5",8.9,6.3
"Duran, Jarren","680776","55","10.5",32.7,"112","93.1","102.4","93.6","94.2","383","152",,"28",50.9,"5",9.1,6.2
"Donovan, Brendan","680977","55","10",41.8,"109.2","91.1","102.1","93.4","90.2","404","168","394","28",50.9,"6",10.9,8.7
"Perdomo, Geraldo","672695","54","16.6",50,"105.6","89.4","97.4","92.8","87","399","199","372","17",31.5,"2",3.7,2.9
"France, Ty","664034","54","9.1",40.7,"108.2","88.9","99.3","93.1","84.4","411","166","405","21",38.9,"5",9.3,7.7
"Naylor, Josh","647304","54","8.3",25.9,"110.8","92.5","102.3","91.8","94.1","393","154","381","23",42.6,"4",7.4,5.9
"Altuve, Jose","514888","54","14.5",16.7,"107","82.9","96.1","89.3","84.2","402","119","372","19",35.2,"3",5.6,4.2
"Albies, Ozzie","645277","54","19.3",38.9,"106.8","86.2","96.8","91.4","82.7","413","176","377","17",31.5,"4",7.4,5.7
"Arenado, Nolan","571448","53","14.3",24.5,"107.9","87","97","90.6","85.9","390","154","378","16",30.2,"3",5.7,4.5
"Ohtani, Shohei","660271","53","12",30.2,"113.1","96.7","106.8","100","93","408","178","393","33",62.3,"11",20.8,13.4
"Tatis Jr., Fernando","665487","53","7.4",34,"112.8","93.9","104.7","99.9","87.2","424","170","404","29",54.7,"11",20.8,15.7
"Turang, Brice","668930","53","4.5",39.6,"109.8","93.6","100.8","95.9","91.6","444","150","425","27",50.9,"6",11.3,8.1
"Lindor, Francisco","596019","52","13.4",28.8,"109.7","89.9","100.6","94","85.4","391","163","391","24",46.2,"3",5.8,4.4
"Hernández, Teoscar","606192","52","9.9",34.6,"109.7","83.1","98.1","90.5","75.1","436","168","390","16",30.8,"5",9.6,7.4
"Witt Jr., Bobby","677951","52","11.2",40.4,"112.6","92","104.1","96.7","84.9","399","181","394","28",53.8,"6",11.5,8.2
"Machado, Manny","592518","52","10.6",32.7,"110.9","91.3","103.8","96.7","88.9","389","150","389","28",53.8,"3",5.8,4.2
"Kwan, Steven","680757","52","6.6",34.6,"101.8","86.4","95","88.5","84.7","406","134","384","10",19.2,"1",1.9,1.5
"Friedl, TJ","670770","51","16.7",33.3,"102.7","88.1","97.2","91","88.1","379","153","378","17",33.3,"1",2,1.5
"Betts, Mookie","605141","51","11",37.3,"101.5","87.5","96.1","88.6","86.8","397","176","380","16",31.4,"2",3.9,3.1
"Ward, Taylor","621493","50","17.2",28,"110.3","90.6","101.6","94.4","85.3","413","191","372","22",44,"6",12,8.7
"Tovar, Ezequiel","678662","50","15",50,"111.1","91.1","99.7","94.9","85.7","400","195",,"22",44,"3",6,4.5
"Pasquantino, Vinnie","686469","50","21.9",32,"104.4","88.3","97.2","91.4","84.2","389","199","386","17",34,"4",8,6.1
"Nootbaar, Lars","663457","50","18",34,"112.7","90","101.9","93.1","88.6","414","169","390","23",46,"4",8,5.4
"Frelick, Sal","686217","50","1.9",28,"103.6","83.8","96.3","91","77.9","352","109",,"15",30,"0",0,0
"Ruiz, Keibert","660688","50","8.2",38,"107.8","85.1","97.3","88","84.8","414","146","393","17",34,"1",2,1.6
"Gurriel Jr., Lourdes","666971","50","22.6",36,"109.1","88.8","98.9","91.4","84.5","416","208","408","17",34,"4",8,6.7
"Bohm, Alec","664761","49","6.8",34.7,"109.3","92.3","102.2","95.3","91.3","394","156",,"25",51,"4",8.2,6.2
"Massey, Michael","686681","49","22.9",34.7,"105.1","85.8","95.7","90","82.5","365","195",,"15",30.6,"1",2,1.6
"Lopez, Otto","672640","49","5.7",36.7,"109.9","87.8","97.7","88.9","86.6","418","153","402","16",32.7,"6",12.2,9.5
"Santander, Anthony","623993","49","14.8",24.5,"110.4","91.1","100.1","95.2","88.1","404","156","404","19",38.8,"2",4.1,2.7
"Ortiz, Joey","687401","49","13.7",22.4,"108.9","83.7","98.2","92.4","78.7","358","125",,"17",34.7,"1",2,1.5
"Correa, Carlos","621043","49","6.1",30.6,"110.1","87.1","99.1","90.3","84.8","391","133",,"17",34.7,"3",6.1,4.7
"Flores, Wilmer","527038","49","14",32.7,"104.7","85","96.3","91.8","80.2","394","161","377","14",28.6,"5",10.2,8.2
"Harris II, Michael","671739","49","1.9",30.6,"112","89.6","101.4","95.5","85.1","424","143","395","18",36.7,"5",10.2,7.6
"Nimmo, Brandon","607043","49","10.8",40.8,"108.3","92.7","102.6","98.3","87.2","412","183","395","29",59.2,"8",16.3,11.9
"Goldschmidt, Paul","502671","49","14.1",44.9,"109.2","89.5","100.7","93.3","81","413","187","413","20",40.8,"4",8.2,6.1
"Peña, Jeremy","665161","48","9.6",37.5,"107.2","91.4","101.7","95.7","86.7","407","171","387","25",52.1,"6",12.5,9.1
"India, Jonathan","663697","48","26.2",35.4,"107.2","91","99.9","94.6","94.2","401","181",,"20",41.7,"2",4.2,3
"Schanuel, Nolan","694384","48","4.1",35.4,"109.8","86.8","96.5","90.7","83.7","383","144","377","12",25,"2",4.2,3.2
"Soto, Juan","665742","48","8.3",27.1,"112.4","93.2","103.1","97.7","89.8","405","138","398","23",47.9,"4",8.3,5.7
"Giménez, Andrés","665926","48","5.5",31.3,"105.6","88.2","98.8","93.5","83.5","407","161","385","17",35.4,"3",6.3,4.2
"Lee, Jung Hoo","808982","48","6.7",43.8,"104.5","90.4","100.6","90.8","89.9","406","161","385","21",43.8,"5",10.4,7.6
"Rooker, Brent","667670","48","11.6",33.3,"108","90.8","101","97","84.1","425","172","386","24",50,"8",16.7,11
"Carroll, Corbin","682998","47","15.3",42.6,"115.8","96.3","106.9","100.7","91.3","415","196","398","29",61.7,"10",21.3,13.7
"Alonso, Pete","624413","47","14",42.6,"114.5","95.9","106.9","101","88.6","415","197","388","30",63.8,"12",25.5,17.4
"Rengifo, Luis","650859","47","5.5",36.2,"106.4","87.4","98","92.4","82.7","402","150","402","15",31.9,"3",6.4,5.1
"Castellanos, Nick","592206","47","17.5",53.2,"105.3","90.7","100.3","95.2","80","414","217","401","21",44.7,"6",12.8,9.5
"Story, Trevor","596115","47","11.5",34,"108.7","89.5","103.1","96.8","84.8","404","160","387","25",53.2,"5",10.6,7
"Butler, Lawrence","671732","47","10.8",31.9,"111.1","91.6","103.7","95.6","88.7","435","176","435","23",48.9,"6",12.8,9
"Ramos, Heliot","671218","47","13.2",31.9,"109.8","89.5","101","97.2","85.6","391","168","363","21",44.7,"5",10.6,6.9
"Adames, Willy","642715","46","19.9",23.9,"103","88.7","98.5","95.7","82.3","384","168","378","20",43.5,"3",6.5,4.2
"Lowe, Brandon","664040","46","10.2",41.3,"111.6","90.7","102.1","96.2","83.7","409","181","395","23",50,"6",13,9.8
"Castro, Willi","650489","46","18.7",37,"109.9","85.5","98.7","91.1","81.1","387","177","387","16",34.8,"3",6.5,4.6
"Bogaerts, Xander","593428","46","10.3",39.1,"112.2","91.5","100.8","92.8","89.6","369","170",,"20",43.5,"1",2.2,1.4
"Hayes, Ke'Bryan","663647","46","13.6",34.8,"106.3","91.8","101.6","97.1","88.9","388","163","348","24",52.2,"3",6.5,4.8
"Soderstrom, Tyler","691016","46","12.3",41.3,"111.7","92.8","104.2","99.2","88.5","432","173","387","23",50,"8",17.4,11.9
"Kiner-Falefa, Isiah","643396","46","7.9",34.8,"104.9","86.9","97","89.7","87","368","141",,"14",30.4,"0",0,0
"García Jr., Luis","671277","46","6.1",28.3,"108.1","88","98.9","92","85.4","392","155","392","18",39.1,"3",6.5,5.6
"Paredes, Isaac","670623","46","20.6",37,"107.4","88.6","100.3","91.9","82.7","372","194","363","21",45.7,"1",2.2,1.4
"Rutschman, Adley","668939","46","15.2",39.1,"108.8","89.2","99.3","92.9","82.2","436","195","426","16",34.8,"4",8.7,6.6
"Semien, Marcus","543760","45","15.5",17.8,"106.4","87.6","96.2","90.2","86.3","389","147","389","12",26.7,"2",4.4,3.2
"Riley, Austin","663586","45","27.3",53.3,"113.2","93.5","106.1","96.2","89.9","444","233","418","23",51.1,"10",22.2,14.3
"Vientos, Mark","668901","45","8.3",37.8,"110.4","90","99.5","96.1","82.7","366","154",,"15",33.3,"3",6.7,4.5
"Olson, Matt","621566","45","5.1",26.7,"113.4","95","103.9","99.7","92.5","434","148","434","27",60,"8",17.8,11.6
"Contreras, William","661388","45","0.6",28.9,"114.1","86.1","98.2","98.1","79.3","408","130","386","14",31.1,"3",6.7,4.5
"Perez, Salvador","521692","45","17.8",44.4,"110.6","90.9","102","94","84.7","418","199","406","21",46.7,"7",15.6,10.1
"Reynolds, Bryan","668804","45","5.7",37.8,"112","91.4","102.5","94.2","88.8","410","153","401","20",44.4,"5",11.1,6.8
"Harper, Bryce","547180","45","15.3",31.1,"109.5","91.9","102.7","94.3","88.9","415","181","408","22",48.9,"5",11.1,6.9
"Trout, Mike","545361","44","19.9",40.9,"107.9","89.3","101.9","96","81.3","429","211","390","20",45.5,"8",18.2,11.9
"Larnach, Trevor","663616","44","5.5",25,"111.3","87.2","99.6","91.1","85.6","325","118",,"16",36.4,"0",0,0
"Edwards, Xavier","669364","44","10.1",27.3,"101.2","81.8","93","86.6","78.4","340","133",,"8",18.2,"0",0,0
"Langeliers, Shea","669127","44","12.5",31.8,"109.6","92.6","103.3","94.2","91.2","429","159","394","22",50,"3",6.8,5.1
"Garcia, Maikel","672580","44","11.1",40.9,"108.9","95.1","103.7","96.8","93.7","428","179","413","26",59.1,"3",6.8,5.3
"Santana, Carlos","467793","44","13.2",31.8,"111.3","87.6","101.9","93.5","90.3","415","143","413","20",45.5,"5",11.4,7.8
"Doyle, Brenton","686668","43","9.4",34.9,"109.5","90.6","101.2","91.5","89.6","403","178","391","20",46.5,"6",14,10.7
"Rodríguez, Julio","677594","43","4.2",34.9,"113.3","93.1","102.8","98.1","88.8","438","155","417","24",55.8,"4",9.3,5.6
"De La Cruz, Elly","682829","43","10.1",34.9,"110.7","94.5","104","97.9","91.6","436","169","414","24",55.8,"9",20.9,13.4
"García, Adolis","666969","43","25.8",34.9,"113.6","94.3","103.1","94.4","95.3","431","233","423","23",53.5,"8",18.6,13.6
"Caminero, Junior","691406","43","3.3",25.6,"111.8","91.3","101.6","96.2","89.1","413","138","396","20",46.5,"5",11.6,8.5
"Judge, Aaron","592450","43","15.5",37.2,"116.8","96.5","107.9","99.1","93.9","468","189","416","26",60.5,"11",25.6,15.1
"Suzuki, Seiya","673548","43","17.6",51.2,"114.3","92.4","103.4","94.1","91.3","445","201","403","21",48.8,"6",14,7.8
"Campbell, Kristian","692225","43","13",32.6,"112.2","88.1","100.6","95.9","81.4","431","156","400","17",39.5,"4",9.3,5.8
"Alvarez, Yordan","670541","42","20.5",40.5,"113.6","94.9","102.9","98","93.2","418","197","418","20",47.6,"6",14.3,8.8
"Schwarber, Kyle","656941","42","15.7",35.7,"116.7","94.8","105.9","100.1","88.4","462","181","423","26",61.9,"7",16.7,9.7
"Busch, Michael","683737","42","14.8",42.9,"107.8","91.9","101.5","95","86.9","403","195","391","21",50,"6",14.3,9.1
"Bleday, JJ","668709","42","11.1",23.8,"109.9","89","101.6","93.3","87.1","381","133","357","20",47.6,"1",2.4,1.6
"Carpenter, Kerry","681481","42","22.3",47.6,"109.2","93.3","101.8","98.5","85.4","403","221","368","21",50,"8",19,14.3
"Ramírez, José","608070","42","27.2",38.1,"108.2","87.6","97.2","90.5","89.2","408","204","391","15",35.7,"4",9.5,7
"Devers, Rafael","646240","41","13.3",39,"110.4","94.2","103.2","96.5","93.8","395","168","393","24",58.5,"7",17.1,8.8
"Turner, Trea","607208","41","13.6",39,"107","84.9","95.2","91.7","79","402","175","402","9",22,"2",4.9,3.3
"Raleigh, Cal","663728","41","20.7",39,"110.4","93.3","103.1","95.1","95.7","420","189","375","21",51.2,"9",22,13.2
"Rafaela, Ceddanne","678882","41","8.2",26.8,"104.5","86.2","98.1","92.3","82.5","379","133",,"16",39,"3",7.3,5.5
"Andujar, Miguel","609280","41","9.2",36.6,"111.4","87.6","99.4","88.4","86.9","360","149","341","14",34.1,"1",2.4,1.9
"Burleson, Alec","676475","41","15.2",19.5,"110.4","90.6","99.7","93.8","91.6","373","134",,"17",41.5,"0",0,0
"Volpe, Anthony","683011","41","16",26.8,"110.5","90.5","100.3","94.5","87.4","418","190","369","17",41.5,"6",14.6,9
"Shaw, Matt","807713","40","13.2",30,"106.5","82.7","93.8","87.2","84.1","379","130","379","9",22.5,"1",2.5,1.5
"Yelich, Christian","592885","40","1.8",30,"113.4","91.2","102.3","97.4","87.4","465","147","434","20",50,"2",5,3.1
"Torkelson, Spencer","679529","40","16.3",45,"110.5","92.5","102.7","97.1","84.8","423","208","402","21",52.5,"6",15,8.5
"McKinstry, Zach","656716","40","11.3",47.5,"104.4","86.2","96.5","91.7","82.1","377","160","377","14",35,"2",5,3.4
"Mangum, Jake","663968","40","-1.2",25,"106.4","89","97.8","93.2","87.8","362","114",,"16",40,"0",0,0
"Kirk, Alejandro","672386","40","17.8",22.5,"107.9","90","101.1","95.4","88.2","389","149","389","20",50,"1",2.5,2
"Frazier, Adam","624428","40","10.4",27.5,"98.4","85.3","93.8","87","85.3","351","144","347","6",15,"0",0,0
"Scott II, Victor","687363","40","11.4",37.5,"106.6","87.4","98.9","91.5","84.2","396","162","396","14",35,"3",7.5,4.8
"Contreras, Willson","575929","40","9.2",42.5,"110.3","87.1","99.9","94.2","83.4","382","152","368","14",35,"2",5,3
"Seager, Corey","608369","39","10.5",23.1,"110","88.8","100.2","93","84.6","384","171","371","16",41,"5",12.8,8.9
"Casas, Triston","671213","39","19.2",43.6,"110.9","87.1","98","91.6","81.4","377","185","377","12",30.8,"4",10.3,6.5
"Kepler, Max","596146","39","7",28.2,"109.3","87.9","99.1","91.9","86.5","386","143","382","17",43.6,"3",7.7,5.4
"Westburg, Jordan","676059","39","11.3",28.2,"110","89.5","102","94.1","84.2","434","164","414","17",43.6,"6",15.4,10.5
"Chisholm Jr., Jazz","665862","39","18.6",35.9,"109.5","88.8","100.5","92.6","82.1","442","211","382","17",43.6,"8",20.5,11.6
"Abreu, Wilyer","677800","39","19",46.2,"110.8","92.7","104.2","94.8","89.5","415","182","400","21",53.8,"5",12.8,7.6
"Vaughn, Andrew","683734","39","13.4",35.9,"108.5","91.2","101.6","94.3","90.2","384","161","371","21",53.8,"5",12.8,8.8
"Roden, Alan","702176","38","-1.5",18.4,"107.6","83","96.3","88.9","82.5","377","87",,"10",26.3,"0",0,0
"Mountcastle, Ryan","663624","38","8.4",36.8,"116.7","92.6","102.7","96.4","87.4","388","169","388","21",55.3,"7",18.4,14
"Encarnacion-Strand, Christian","687952","38","16.3",28.9,"111.4","86.8","99.8","95.4","81.2","451","148","403","15",39.5,"2",5.3,3.8
"Walker, Christian","572233","38","13.4",23.7,"112.8","91.8","104.4","95.6","89.7","402","158","402","19",50,"4",10.5,6
"Robles, Victor","645302","38","5.3",26.3,"112.6","85.1","94.4","88.5","83.7","384","125",,"7",18.4,"2",5.3,4.3
"Stott, Bryson","681082","38","18.6",31.6,"103.6","82.1","92","84.3","79.7","349","158","349","7",18.4,"1",2.6,1.7
"Arozarena, Randy","668227","38","13.2",34.2,"112.3","91.4","103.2","98.2","89.6","424","145","399","17",44.7,"4",10.5,5.8
"Espinal, Santiago","669289","38","12.4",26.3,"104.9","80.5","92.4","86.2","75.8","355","138",,"6",15.8,"0",0,0
"Bell, Josh","605137","38","6.9",28.9,"110.3","84.4","99.1","94.7","79.5","400","148","398","13",34.2,"3",7.9,4.8
"Burger, Jake","669394","38","7.1",23.7,"113","89.1","102.1","97","84","429","145","408","16",42.1,"4",10.5,7.3
"Farmer, Kyle","571657","37","18.3",43.2,"105.8","87.2","98.2","90.9","85.4","371","178",,"13",35.1,"2",5.4,3.8
"Chapman, Matt","656305","37","25.6",18.9,"107.3","89.8","99","94.8","91.1","411","169","393","13",35.1,"2",5.4,2.9
"Wells, Austin","669224","37","23.4",24.3,"110.1","92","101.9","95","92.8","372","193","360","19",51.4,"3",8.1,5.6
"Mullins, Cedric","656775","37","18.8",35.1,"108.4","89.7","100","93.5","83.4","388","188","382","15",40.5,"4",10.8,6.9
"Walker, Jordan","691023","37","11.3",24.3,"116.5","91.1","102.2","91.7","93.9","419","144","407","14",37.8,"2",5.4,3.3
"McMahon, Ryan","641857","37","18.5",29.7,"109.6","91.8","100.1","92.4","90.3","432","185","416","14",37.8,"3",8.1,4.6
"Wallner, Matt","670242","37","19.5",29.7,"112","90.7","101.6","95.3","82.2","404","208","404","18",48.6,"4",10.8,6.1
"O'Neill, Tyler","641933","36","24.8",27.8,"108","88.7","102.4","96.1","84.1","402","195","387","16",44.4,"7",19.4,13.5
"Vargas, Miguel","678246","36","19.5",27.8,"107.3","91.5","99.6","92.1","91.6","361","170",,"17",47.2,"0",0,0
"Soler, Jorge","624585","36","17.8",41.7,"112.7","91.9","105.1","97.4","90.1","408","188","390","18",50,"7",19.4,11.1
"Candelario, Jeimer","600869","36","8.4",19.4,"104.5","87","95.9","91.4","84","384","138","384","10",27.8,"2",5.6,3.3
"Wood, James","695578","36","-0.7",19.4,"115.8","94.1","107.6","104.5","89.3","413","135","397","22",61.1,"9",25,13
"Suárez, Eugenio","553993","36","20.4",27.8,"111.7","94.8","103.4","98.1","91.1","436","224","413","22",61.1,"7",19.4,10.8
"Rice, Ben","700250","36","10.7",38.9,"113.2","96.1","106.4","101.6","91.6","419","177","392","24",66.7,"10",27.8,16.7
"Diaz, Yainer","673237","35","10.1",22.9,"109.7","88","98.6","91.3","86.7","388","150","382","12",34.3,"4",11.4,8.2
"Wagaman, Eric","676572","35","3.5",34.3,"107.6","86.6","99.2","92.9","83","424","138","424","15",42.9,"2",5.7,4.5
"Rocchio, Brayan","677587","35","2.7",25.7,"103.2","84.7","96.6","90.8","82.2","378","130",,"11",31.4,"0",0,0
"Amaya, Miguel","665804","35","16.8",45.7,"105.8","87.5","97.4","89.4","85.2","393","186","386","10",28.6,"3",8.6,6.8
"Stowers, Kyle","669065","35","3.3",37.1,"110.3","90.9","103.8","100.3","85.4","421","137","421","20",57.1,"8",22.9,13.1
"Springer, George","543807","35","13.3",45.7,"109.3","93.6","101.9","96","91.2","422","178","395","19",54.3,"6",17.1,10.7
"Sosa, Lenyn","672820","35","17.1",37.1,"106.4","88.7","98.9","91","86.3","396","167","396","12",34.3,"2",5.7,4.2
"Buxton, Byron","621439","35","20.4",20,"112.5","89.6","103.4","93.9","87.4","446","168","413","19",54.3,"4",11.4,6.7
"Muncy, Max","691777","35","11",37.1,"112.6","88.6","99.3","93.8","84.5","430","156","430","10",28.6,"2",5.7,3.9
"Holliday, Jackson","702616","35","5.1",31.4,"109","90.3","100.2","93.2","89.2","425","136","425","14",40,"2",5.7,4.2
"Greene, Riley","682985","35","8.9",34.3,"114.3","88.9","101.5","97.7","80.5","417","150","388","16",45.7,"3",8.6,4.8
"Clement, Ernie","676391","35","22.8",37.1,"108.9","86.6","94.3","86.9","85.3","351","179",,"6",17.1,"1",2.9,2.2
"Sweeney, Trey","700242","35","1.6",28.6,"110.8","89.5","101.3","94.7","86","409","140","378","14",40,"3",8.6,6.1
"Langford, Wyatt","694671","34","21.3",35.3,"110.7","89.8","101.3","95.3","81.7","407","195","370","16",47.1,"4",11.8,8.3
"Lowe, Nathaniel","663993","34","13.8",44.1,"111.7","93.2","103.4","97.6","87.1","421","194","406","18",52.9,"5",14.7,7.9
"Bellinger, Cody","641355","34","25.5",35.3,"109.1","91.8","103","94.5","93.1","451","207","451","19",55.9,"3",8.8,5.6
"Fitzgerald, Tyler","666149","34","19.7",32.4,"105.6","88.7","98.6","89.6","89.2","370","157","369","11",32.4,"2",5.9,4.3
"O'Hearn, Ryan","656811","34","9.8",41.2,"109.4","87.8","100.6","94.1","81.2","388","154","388","16",47.1,"2",5.9,4.5
"Steer, Spencer","668715","34","17.8",23.5,"103.7","86.3","94.9","89.5","84.6","379","140","379","7",20.6,"2",5.9,4
"Aranda, Jonathan","666018","34","13.5",41.2,"111.4","96.7","105.2","96.1","98.2","401","185","372","21",61.8,"7",20.6,14
"Misner, Kameron","670224","34","13.7",32.4,"108.2","93.1","102.3","97.2","87.5","431","186","379","17",50,"4",11.8,8.9
"Robert Jr., Luis","673357","34","19.3",23.5,"113.8","86.8","100.7","92.5","88","387","141","384","13",38.2,"4",11.8,6.9
"Polanco, Jorge","593871","34","8.9",47.1,"108.7","88.7","100.4","93.6","79.1","413","176","395","14",41.2,"4",11.8,10
"Pham, Tommy","502054","34","3.7",17.6,"109.9","90.1","101.5","95.7","91","386","92",,"15",44.1,"1",2.9,1.7
"Call, Alex","669743","34","7.7",32.4,"107.9","87.2","95.7","89.4","86.4","380","140",,"9",26.5,"0",0,0
"Meyers, Jake","676694","33","2.4",18.2,"107.8","87.7","98.4","89.1","87.2","365","109",,"11",33.3,"1",3,2.1
"Keith, Colt","690993","33","2.6",36.4,"108.9","81","95.6","90.6","72","380","149",,"9",27.3,"2",6.1,3.3
"Domínguez, Jasson","691176","33","12.1",21.2,"109.7","84.2","98","88","86.4","391","132","377","12",36.4,"2",6.1,3.6
"Crawford, J.P.","641487","33","10.4",33.3,"103.3","83.6","94.6","91.4","78.6","391","128",,"10",30.3,"1",3,1.7
"Manzardo, Kyle","700932","33","20.2",24.2,"107.6","88.5","100.7","96.6","70.5","424","220","405","13",39.4,"7",21.2,11.9
"Goodman, Hunter","696100","33","21.3",30.3,"111.4","87.3","100.7","93","84.6","405","159","392","13",39.4,"5",15.2,9.6
"Conine, Griffin","665052","33","7.7",36.4,"108.7","92.2","102.3","95.4","89.2","404","154","404","18",54.5,"4",12.1,7.7
"Cruz, Oneil","665833","33","15.6",48.5,"115.3","91.4","103.2","95.3","84.3","391","205","386","16",48.5,"5",15.2,8.5
"Lux, Gavin","666158","33","9.1",36.4,"106.2","89.5","99.2","92.5","87.1","375","162",,"14",42.4,"2",6.1,3.4
"Rodríguez, Endy","682848","33","12.2",39.4,"104.9","91.4","99.1","95.5","87.4","378","177",,"15",45.5,"1",3,2
"Pauley, Graham","688363","32","12.6",34.4,"111.1","87.9","99.3","92","83.5","402","162",,"13",40.6,"2",6.3,4.5
"Pages, Andy","681624","32","19",31.3,"104.5","86.2","94.6","89.6","82.1","390","188","378","9",28.1,"2",6.3,3.4
"Bader, Harrison","664056","32","25.3",31.3,"105.3","86.2","97.4","93.7","79.8","394","189","376","13",40.6,"5",15.6,11.1
"Hoskins, Rhys","656555","32","22.4",43.8,"107.6","89.7","99.3","94","81.3","385","196",,"15",46.9,"1",3.1,1.9
"Conforto, Michael","624424","32","16",37.5,"108.4","88","99.4","90.4","86.4","419","174","408","13",40.6,"4",12.5,6.5
"Hernández, Enrique","571771","32","16.9",25,"109.8","91.5","102.1","97.7","83.1","412","182","384","14",43.8,"5",15.6,9.6
"Smith, Will","669257","32","25.5",37.5,"105.5","88.9","98.5","89.9","92","396","176","396","13",40.6,"3",9.4,5.4
"Baldwin, Brooks","681460","32","12.8",34.4,"106.8","90.9","99.1","93.3","90.2","401","134","401","13",40.6,"1",3.1,2.3
"Ozuna, Marcell","542303","32","19.7",43.8,"109.8","95.6","103.7","98.4","91.6","425","202","411","17",53.1,"3",9.4,4.6
"Sheets, Gavin","657757","32","19.9",50,"109.8","91.1","101","97.6","79.7","405","190","388","16",50,"3",9.4,6.4
"Realmuto, J.T.","592663","32","7.9",46.9,"107","89.2","100.3","94.7","82.4","353","159",,"15",46.9,"2",6.3,3.9
"Pederson, Joc","592626","31","10.8",12.9,"109.3","90.6","98.4","92.4","90.3","391","131",,"10",32.3,"1",3.2,2
"Abrams, CJ","682928","31","16.4",29,"112.7","92.8","101.7","95.6","89.7","414","162","391","12",38.7,"5",16.1,10.9
"Heyward, Jason","518792","31","18.7",22.6,"108.9","84.8","95.7","88.8","82.6","410","150","410","8",25.8,"2",6.5,4.5
"Urshela, Gio","570482","31","9.3",41.9,"103.5","89.9","98.1","93.2","86.1","378","156",,"12",38.7,"0",0,0
"Wagner, Will","695238","31","12.6",32.3,"102.7","87.7","97.5","90.5","86.1","380","139",,"12",38.7,"1",3.2,2.2
"Isbel, Kyle","664728","31","16.5",29,"107.1","83.8","95.3","90.4","81.8","401","138","401","5",16.1,"1",3.2,2.3
"Raley, Luke","670042","31","4.3",25.8,"114.3","87.7","102.3","86.8","88.8","358","122","358","13",41.9,"2",6.5,4.1
"Arias, Gabriel","672356","31","1.9",32.3,"109.7","87.8","103","98.1","83.4","400","111","394","15",48.4,"3",9.7,5.9
"Toglia, Michael","669911","31","8.9",25.8,"109.6","91","101.9","91.6","90.4","397","149",,"15",48.4,"2",6.5,3.2
"Merrill, Jackson","701538","31","12.4",51.6,"110.9","93.1","102.6","96.9","87.1","411","192","401","15",48.4,"7",22.6,17.1
"Julien, Edouard","666397","31","2.4",45.2,"110.1","89.1","100","99.3","79.6","405","160","361","13",41.9,"5",16.1,10.9
"Pagés, Pedro","686780","30","15.7",40,"107.5","88.6","100","91","85.9","399","187","399","10",33.3,"2",6.7,5.1
"O'Hoppe, Logan","681351","30","23.9",46.7,"111.1","91.3","103.6","94.5","88.1","417","240","400","16",53.3,"7",23.3,14.3
"Walls, Taylor","670764","30","12.5",10,"102.8","86.4","94.8","90.1","85.9","354","111",,"6",20,"0",0,0
"Yastrzemski, Mike","573262","30","19.6",43.3,"106.8","90.9","101.1","93.7","83.5","387","208","382","13",43.3,"4",13.3,7.3
"Urías, Ramón","602104","30","7.1",33.3,"107.1","88","98.7","96","83.6","377","144",,"12",40,"3",10,7.7
"Wade Jr., LaMonte","664774","30","24.7",46.7,"107.6","91.5","98.7","92.1","91.4","388","240","364","11",36.7,"2",6.7,3.7
"Adell, Jo","666176","30","15.1",33.3,"111.7","93.3","102.9","91.9","95.5","408","169","395","17",56.7,"4",13.3,8.7
"Taveras, Leody","665750","29","29.1",24.1,"101.9","84.1","95","86.4","87.9","356","160",,"9",31,"1",3.4,2.2
"Winn, Masyn","691026","29","13.9",27.6,"107.9","87.3","100.4","92.2","87.1","403","143","403","11",37.9,"2",6.9,3.9
"Taylor, Tyrone","621438","29","24.3",34.5,"106.9","86.3","96.1","86.8","89.9","374","174",,"11",37.9,"1",3.4,2.6
"Heim, Jonah","641680","29","21.9",37.9,"109.6","94.1","101.9","94.2","95.9","417","201","392","13",44.8,"4",13.8,10.8
"Dingler, Dillon","693307","29","17.7",48.3,"110.4","92.3","101.2","92.6","91.6","410","209","395","15",51.7,"3",10.3,7.3
"Fraley, Jake","641584","29","21.7",34.5,"105.8","80.7","92.6","85.2","78.8","351","163",,"7",24.1,"0",0,0
"DeJong, Paul","657557","29","21.8",37.9,"108.7","89.2","99","90.5","87.2","363","172",,"11",37.9,"1",3.4,1.9
"McCutchen, Andrew","457705","29","8.3",27.6,"106.3","94.5","101.8","98.8","91.4","393","165","393","17",58.6,"3",10.3,7.1
"Báez, Javier","595879","29","5.2",41.4,"102.8","85.2","95.2","90.3","80.3","378","152",,"7",24.1,"1",3.4,2.4
"Crews, Dylan","686611","29","0.6",24.1,"111.1","88.1","98.8","94.5","82.9","398","132",,"9",31,"3",10.3,6.1
"Jansen, Danny","643376","29","22",20.7,"103.6","86.5","96","91.5","81.1","360","179","358","8",27.6,"0",0,0
"McCarthy, Jake","664983","29","5.4",20.7,"98","82.7","93.2","90.4","78.4","369","138",,"5",17.2,"0",0,0
"Grisham, Trent","663757","28","21.6",32.1,"108.3","92.7","101.5","94.5","95.6","405","205","373","15",53.6,"4",14.3,10.3
"Paris, Kyren","677347","28","11.3",25,"108.1","87.3","102.6","96.2","79.8","434","171","394","17",60.7,"5",17.9,10.9
"Moreno, Gabriel","672515","28","10.5",32.1,"104","91.2","96.8","93.4","90.3","361","134",,"10",35.7,"0",0,0
"Muncy, Max","571970","28","16.3",50,"108.6","91.5","101","95.8","81.9","383","187",,"14",50,"3",10.7,5
"Smith, Cam","701358","28","3.1",28.6,"110.6","86.5","99.7","90.3","82.7","370","149","370","11",39.3,"2",7.1,4.7
"Martini, Nick","605361","28","8.8",25,"105","86.2","99","88.4","85.4","370","120",,"10",35.7,"1",3.6,2.7
"Rojas, Miguel","500743","28","5.8",28.6,"103.3","86","95.8","84.2","87.2","344","126",,"8",28.6,"0",0,0
"Bailey, Patrick","672275","27","19.4",25.9,"105.9","92.1","100.3","94.5","93.1","400","206",,"13",48.1,"1",3.7,2.2
"Narváez, Carlos","665966","27","16.7",18.5,"110.8","88.9","99.7","88.5","93.7","396","144",,"8",29.6,"2",7.4,5
"Jeffers, Ryan","680777","27","16.7",33.3,"110.4","89.1","99.4","94.9","78.6","398","216",,"10",37,"1",3.7,2.6
"Cabrera, Oswaldo","665828","27","15.8",44.4,"102.9","87.6","96.1","89.4","85.6","352","177",,"9",33.3,"0",0,0
"Smith, Josh","669701","27","8.6",37,"106.7","87.1","98.4","93","80.8","394","161","394","11",40.7,"2",7.4,4.5
"Amaya, Jacob","676070","27","15.5",22.2,"101.5","87.9","95.7","92.9","90.1","324","143",,"7",25.9,"0",0,0
"Morel, Christopher","666624","27","18.7",40.7,"111.3","87.6","100","89.5","85.2","400","182","387","10",37,"5",18.5,10
"Kjerstad, Heston","677008","27","18.6",51.9,"105.5","90.3","99","92.7","88.4","409","177","409","12",44.4,"2",7.4,5.3
"Mitchell, Garrett","669003","27","9.6",29.6,"110.6","89.2","100.9","94.6","85.8","325","149",,"11",40.7,"0",0,0
"Thomas, Alek","677950","27","2.1",33.3,"107.5","92.4","101.5","97.9","87.2","417","152",,"12",44.4,"3",11.1,8.3
"Young, Jacob","696285","27","-2",18.5,"106.8","85.6","96.6","87.9","85","304","93",,"7",25.9,"0",0,0
"Renfroe, Hunter","592669","27","20.1",22.2,"109.9","87.2","97.1","93","83.6","391","189",,"7",25.9,"1",3.7,2.3
"Noel, Jhonkensy","678877","27","12.6",3.7,"117.2","93.9","105.9","94.2","98.2","316","98",,"15",55.6,"1",3.7,2.9
"Acuña, Luisangel","682668","26","11.1",34.6,"105.9","87.4","96.8","87.3","90.5","334","135",,"7",26.9,"0",0,0
"De La Cruz, Bryan","650559","26","13.8",42.3,"106.5","91.1","101.6","94.6","87.9","368","167",,"13",50,"2",7.7,4.3
"Rosario, Amed","642708","26","10.8",42.3,"108.7","91.2","100.3","95","88.6","373","173","373","10",38.5,"1",3.8,3.3
"Trevino, Jose","624431","26","1.8",23.1,"107.2","85.3","98.9","94.6","80.7","404","115","383","9",34.6,"2",7.7,6.5
"Bryant, Kris","592178","26","13",46.2,"102.9","90.8","97.9","95","84.1","387","199",,"9",34.6,"2",7.7,4.9
"Hill, Derek","656537","26","-1",34.6,"112.3","88","100.2","94.4","84.6","398","113","398","10",38.5,"2",7.7,4.5
"Bart, Joey","663698","26","13.4",38.5,"110.5","88.7","98.2","91.9","84.3","411","179","411","7",26.9,"4",15.4,8.7
"Cronenworth, Jake","630105","26","10.8",19.2,"107.4","89.6","100.3","92.6","84.9","395","162","388","10",38.5,"1",3.8,2.3
"Ibáñez, Andy","628451","25","-4.1",24,"108.9","88.4","100.2","94.4","82.4","376","130","376","10",40,"1",4,3.3
"Hicks, Liam","689414","25","6.2",28,"105.4","87.4","96.7","90.2","83.6","369","148",,"8",32,"0",0,0
"Dunn, Oliver","686554","25","3.7",36,"109.1","86.3","99.5","89.6","83.1","332","120",,"7",28,"0",0,0
"Anderson, Tim","641313","25","-3.6",24,"101.2","87.4","96.2","92.8","84.4","349","112",,"10",40,"0",0,0
"Lockridge, Brandon","663604","25","0.4",12,"107.8","85.1","95.1","89.8","82.9","314","91",,"4",16,"0",0,0
"Torrens, Luis","620443","25","7.9",40,"105.8","89.5","100","89.1","90","398","173","398","13",52,"4",16,11.1
"Bride, Jonah","681146","25","9.7",32,"100.4","84.5","95.3","93.3","80.2","360","138",,"7",28,"1",4,2.2
"Benintendi, Andrew","643217","24","11.9",20.8,"104.6","84.4","98.5","95.9","71.9","401","168","399","9",37.5,"3",12.5,9.1
"Iglesias, Jose","578428","24","-10.1",16.7,"101.5","79.1","90.9","81.9","78.4","338","68",,"4",16.7,"0",0,0
"Allen, Nick","669397","24","10.5",41.7,"104.4","85.9","98.1","88.9","83.9","339","132",,"9",39.1,"0",0,0
"Bliss, Ryan","669208","24","10.2",37.5,"104","89","98.4","93.4","84.5","391","170","387","8",33.3,"3",12.5,7.7
"Marsh, Brandon","669016","24","3.5",12.5,"105","89.3","99","95.1","84.8","395","128","395","11",45.8,"1",4.2,2.2
"Straw, Myles","664702","24","7",25,"100.4","86.4","94","88.2","84.7","397","130","397","6",25,"1",4.2,3.4
"Moniak, Mickey","666160","24","18.3",41.7,"108.1","90.3","102.1","95.7","86.3","405","174","405","12",50,"3",12.5,8.3
"Moore, Dylan","664238","24","6.3",25,"108.6","86.2","98.6","87.3","86.2","411","134","380","9",37.5,"2",8.3,5.7
"Díaz, Elias","553869","23","16.4",26.1,"111.4","88.4","99.7","96.9","87.5","358","128",,"10",43.5,"0",0,0
"Miranda, Jose","669304","23","6.6",26.1,"109.7","88.5","99.9","84.8","91.4","389","135","389","10",43.5,"1",4.3,2.8
"Naylor, Bo","666310","23","27.4",39.1,"104","90.1","97.9","92.5","78","401","232","401","7",30.4,"2",8.7,5.4
"Higashioka, Kyle","543309","23","19.5",26.1,"106.5","92","100.1","97.3","88.5","413","149",,"10",43.5,"1",4.3,3.6
"Turner, Justin","457759","23","13.5",34.8,"103.8","87.4","95","89.9","85.1","386","163",,"4",17.4,"1",4.3,2.9
"Melendez, MJ","669004","23","25.1",21.7,"103.1","88.5","97.2","92.8","84.3","379","170",,"9",39.1,"1",4.3,2.3
"Thomas, Lane","657041","23","21.5",21.7,"109.4","87.4","96.9","87.5","88.1","377","162",,"7",30.4,"0",0,0
"Baldwin, Drake","686948","23","12.2",26.1,"109.6","94.5","102.6","95.2","93.7","394","182",,"15",65.2,"3",13,9.1
"Marte, Ketel","606466","22","13.2",27.3,"115.5","94.6","105.1","89.1","101.4","409","144",,"12",54.5,"1",4.5,3.1
"Taylor, Michael A.","572191","22","14.6",40.9,"107.4","94.1","101.5","96.5","92.1","411","167","411","11",50,"2",9.1,6.1
"Vázquez, Christian","543877","22","18",45.5,"102.7","89.7","97.1","93.6","84.2","351","210",,"7",31.8,"1",4.5,3.4
"Malloy, Justyn-Henry","669234","22","18.6",36.4,"102.7","84.3","93.4","88.9","72.5","375","179",,"6",27.3,"1",4.5,2.2
"Smith, Pavin","656976","22","13.1",54.5,"107.4","93.2","101.4","96","91.5","416","182","416","12",54.5,"5",22.7,12.2
"Kelly, Carson","608348","22","14.1",40.9,"106.6","94.6","102.3","99.5","88.8","403","210","374","14",63.6,"5",22.7,13.5
"Myers, Dane","667472","22","1.2",40.9,"106.8","90.8","100.4","96.6","87.5","352","111",,"9",40.9,"1",4.5,3.2
"Rodgers, Brendan","663898","21","10.1",38.1,"108.3","90.4","102.7","90.5","95","363","164",,"11",52.4,"3",14.3,7.9
"Henderson, Gunnar","683002","21","8",28.6,"111.4","99.4","107.1","98.2","100.3","368","147",,"14",66.7,"1",4.8,2.9
"Kelenic, Jarred","672284","21","15.2",19,"108.4","87.5","96.6","89.2","87.7","373","145","342","5",23.8,"2",9.5,4.8
"Capra, Vinny","681962","21","10.3",23.8,"103.9","84.1","96.3","95.8","83.2","370","116","370","6",28.6,"1",4.8,3.1
"Jung, Josh","673962","21","8.8",52.4,"106.8","88.1","98.6","96.3","82.2","397","179","343","7",33.3,"3",14.3,11.1
"Baty, Brett","683146","21","0.7",28.6,"113.4","90.8","103.5","93.2","90.5","370","115",,"11",52.4,"2",9.5,5.6
"Valdez, Enmanuel","665839","21","8.6",52.4,"104.7","91.5","100.9","94.6","88","371","193",,"11",52.4,"1",4.8,3
"Freeman, Freddie","518692","21","14.2",47.6,"111.6","93.3","102.7","95.1","90.9","418","189","415","11",52.4,"3",14.3,12
"Winker, Jesse","608385","20","25.6",20,"109.3","87.8","99.8","101.8","88.2","398","139",,"7",35,"3",15,9.4
"Lukes, Nathan","664770","20","9.2",40,"103.2","81.7","94.4","80.5","88.4","295","124",,"5",25,"0",0,0
"Maton, Nick","665155","20","25.4",10,"109.3","89.3","100.3","92.6","86","406","209","403","8",40,"2",10,5.4
"Tellez, Rowdy","642133","20","17.4",40,"110","91.5","100.1","93.7","93.3","363","165","363","9",45,"2",10,6.1
"Mastrobuoni, Miles","670156","20","9.2",30,"107.2","94.4","102.2","95.9","94","334","130",,"13",65,"0",0,0
"Mervis, Matt","670223","20","16.6",35,"107.8","95.4","104.4","96.5","94.3","421","198","388","12",60,"4",20,10.5
"Dubón, Mauricio","643289","20","15.6",30,"103.5","84.8","93","83.6","86.4","358","139",,"4",20,"0",0,0
"Collins, Isaac","686555","19","8.7",36.8,"111.2","90.6","98.2","94.3","88.9","386","156",,"6",31.6,"1",5.3,4
"Matos, Luis","682641","19","5.5",42.1,"111.6","90.9","101","95.8","89.4","395","176","395","9",47.4,"2",10.5,10
"Sanoja, Javier","691594","19","10.7",42.1,"103.6","90","98","93","87.3","345","147",,"7",36.8,"0",0,0
"Thaiss, Matt","642136","19","20.2",31.6,"109.9","90.6","102.5","96.7","82.3","401","166",,"10",52.6,"0",0,0
"Jones, Nolan","666134","19","13.2",42.1,"109.1","94.1","103.7","97.4","92.9","389","167",,"11",57.9,"2",10.5,4.9
"Heineman, Tyler","623168","19","20.7",31.6,"104.5","87.7","99.1","91.1","94.2","393","149","386","6",31.6,"2",10.5,8.7
"Biggio, Cavan","624415","19","21.3",26.3,"102.8","87.4","96.1","90.3","79.9","321","168",,"5",26.3,"0",0,0
"DeLuca, Jonny","676356","19","14.4",26.3,"103.6","82.5","92.7","85.7","81.1","340","134",,"2",10.5,"0",0,0
"Caratini, Victor","605170","18","6.1",16.7,"107.5","86.6","99.1","92.5","84.4","381","117",,"5",27.8,"1",5.6,4.2
"Maldonado, Martín","455117","18","10.7",38.9,"104.2","87.6","97.5","94","84.6","388","155","365","5",27.8,"2",11.1,7.7
"Sosa, Edmundo","624641","18","5.1",55.6,"108.4","91.6","103.6","97.5","86.8","391","158",,"10",55.6,"1",5.6,3.6
"Marte, Starling","516782","18","11.7",27.8,"109.8","85.2","98.9","90","77","385","157","385","5",27.8,"2",11.1,6.3
"Kreidler, Ryan","668952","18","18.7",33.3,"106.9","91.3","100.8","91.3","91.4","371","163",,"6",33.3,"1",5.6,2.9
"Grichuk, Randal","545341","18","5.2",38.9,"111.6","92.4","104.4","99.4","83.7","371","183",,"12",66.7,"4",22.2,14.8
"McLain, Matt","680574","17","11.9",41.2,"107.9","93.3","103.7","99.8","77.8","402","232","394","11",64.7,"5",29.4,16.1
"Baker, Luken","663609","17","17.7",23.5,"109.5","95.9","104.1","102.1","95.9","353","128",,"11",64.7,"2",11.8,7.7
"Gurriel, Yuli","493329","17","18.8",11.8,"106.2","85.1","96","94.8","79.6","370","143",,"3",17.6,"0",0,0
"Fermin, Freddy","666023","17","3",17.6,"106.1","88.3","97.8","92.4","85.9","343","107",,"6",35.3,"0",0,0
"Arcia, Orlando","606115","17","-5",5.9,"106.4","86.9","97.3","90.7","86.2","269","66",,"5",29.4,"0",0,0
"Torres, Gleyber","650402","17","11.1",41.2,"108","90.4","100","96.1","84","379","176","379","8",47.1,"0",0,0
"Wong, Connor","657136","16","8.3",43.8,"106.7","85.7","97.5","90.7","81.8","390","146",,"5",31.3,"2",12.5,7.7
"Fortes, Nick","663743","16","13.4",43.8,"104.6","91","100.6","94.9","92.1","390","198",,"10",62.5,"2",12.5,9.1
"Berti, Jon","542932","16","-3.5",18.8,"111.3","88.5","100.4","89","88.9","291","79",,"7",43.8,"0",0,0
"Newman, Kevin","621028","16","11.1",31.3,"105.5","85.1","96","85.4","87.3","344","145",,"4",25,"0",0,0
"Senger, Hayden","663584","16","-3.3",37.5,"101.1","81.7","94.3","90","73.7","352","124",,"5",31.3,"0",0,0
"Herrera, Iván","671056","16","8",43.8,"112.1","91.9","105.8","105.6","81.3","425","180","405","8",50,"5",31.3,20.8
"Caballero, José","676609","16","27.3",68.8,"104.5","85.7","93.9","85.7",,"344","245","327","3",18.8,"1",6.3,3
"Gonzalez, Romy","663853","15","2.1",26.7,"108.2","92.3","101.3","92.1","92.3","340","125",,"8",53.3,"0",0,0
"Veen, Zac","691728","15","17.1",13.3,"109.2","86.9","95","87.4","87.9","366","128",,"2",13.3,"0",0,0
"Mead, Curtis","678554","15","14.2",26.7,"111","91.1","101.9","90.7","97.4","371","160",,"6",40,"1",6.7,4.2
"Slater, Austin","596103","15","6.3",40,"109.3","93.4","103.1","100.9","82.3","392","198","392","10",66.7,"3",20,15
"Canario, Alexander","672744","15","26",33.3,"105.3","93.3","100.9","96.3","91.6","402","210","402","8",53.3,"4",26.7,18.2
"Garver, Mitch","641598","15","26.1",33.3,"104.6","95","101.8","96","95.4","363","190",,"7",46.7,"1",6.7,3.7
"d'Arnaud, Travis","518595","15","13.8",20,"105","93.1","100.1","97.4","90.6","398","168",,"6",40,"2",13.3,10.5
"Saggese, Thomas","695336","14","12.6",42.9,"109.9","91.8","102.1","92.4","91.1","430","146","430","6",42.9,"1",7.1,5.6
"Hamilton, David","666152","14","21",21.4,"101.5","82.8","89.6","84.3","83.8","321","157",,"2",14.3,"0",0,0
"Suwinski, Jack","669261","14","28",57.1,"110.4","92.6","103.7","92.5","93.3","374","255",,"7",50,"3",21.4,8.8
"Herrera, Jose","645444","14","22.5",21.4,"97.4","74","86.1","79.1","70.5","384","152","384","1",7.1,"0",0,0
"Margot, Manuel","622534","14","10.1",42.9,"102.8","79.5","91.2","85.7","73.9","366","157",,"2",14.3,"0",0,0
"Murphy, Sean","669221","14","12.3",50,"110.9","89.5","104.1","94.4","82.9","429","194","409","6",42.9,"4",28.6,15.4
"Urías, Luis","649966","13","16.8",46.2,"104.9","87.6","97.2","90.4","84.3","396","183","396","4",30.8,"1",7.7,5.9
"Tawa, Tim","694374","13","0.9",15.4,"104","88.7","96.6","85.8","90.5","338","111",,"3",23.1,"0",0,0
"Gorman, Nolan","669357","13","15.9",46.2,"103.8","85.9","100.5","92.6","63.8","409","247","409","7",53.8,"4",30.8,22.2
"Rogers, Jake","668670","13","20.6",61.5,"98.9","79.8","89.5","88.6","68.4","360","175",,"3",23.1,"2",15.4,9.1
"Moncada, Yoán","660162","13","15.3",15.4,"103.7","89.6","96.8","89.2","93.6","322","138",,"4",30.8,"0",0,0
"Pillar, Kevin","607680","13","12.2",46.2,"102.9","85.8","94.6","83.2","88.9","328","152",,"3",23.1,"0",0,0
"Schneemann, Daniel","682177","12","6.4",16.7,"104.7","90.4","99.8","97","86.5","401","170","401","5",41.7,"2",16.7,8
"Lee, Korey","686676","12","15.7",25,"103.2","83.3","96","87.6","78.5","372","137",,"3",25,"0",0,0
"Siri, Jose","642350","12","31.2",33.3,"104.4","81.1","92.5","88.5","63.9","407","220",,"2",16.7,"2",16.7,8.3
"Fairchild, Stuart","656413","12","35.2",25,"103.3","84.6","95.4","91.8","81.2","382","177",,"3",25,"2",16.7,12.5
"Rojas, Johan","679032","12","-4.2",0,"107.5","92.4","102.5","76.1","95.6","253","45",,"5",41.7,"0",0,0
"Triolo, Jared","669707","12","10.5",25,"104.7","85.6","95.3","92.9","78.8","377","151",,"3",25,"1",8.3,5.6
"Dunn, Blake","694362","12","6.2",33.3,"104.6","93.1","98.5","96.5","89.6","384","148","384","5",41.7,"2",16.7,6.5
"Profar, Jurickson","595777","12","0.7",25,"99.3","83.9","92","85.9","84.8","334","115",,"2",16.7,"0",0,0
"Solano, Donovan","456781","12","16.7",41.7,"100.6","81.5","96","93.5","80.4","390","162",,"4",33.3,"1",8.3,5.3
"Beck, Jordan","687597","12","7.5",16.7,"102.3","89.6","98.3","91","88.6","329","113",,"4",33.3,"0",0,0
"Gasper, Mickey","681508","11","19.5",0,"96.3","84.1","93.1","88.3","84.4","253","106",,"1",9.1,"0",0,0
"Canha, Mark","592192","11","11.3",27.3,"104.6","87.8","98.2","95.5","88.2","295","139",,"4",36.4,"0",0,0
"Jankowski, Travis","608671","11","19.1",36.4,"107.2","85.7","96.2","84.7","91.2","302","166",,"2",18.2,"0",0,0
"Refsnyder, Rob","608701","11","13.5",27.3,"106.4","91.9","99.5","88.2","96","213","90",,"6",54.5,"0",0,0
"Rortvedt, Ben","666163","11","16",9.1,"103","77.1","84.5","74.1","81.4","243","78",,"1",9.1,"0",0,0
"Brown, Seth","664913","11","15.5",54.5,"98.4","84.7","93.8","89.8","75.7","364","197",,"4",36.4,"0",0,0
"Hampson, Garrett","641658","11","10.4",27.3,"97.6","83.5","93.5","85.7","80.8","342","140",,"3",27.3,"0",0,0
"Pozo, Yohel","650968","11","22.9",54.5,"101.1","88.7","96.4","91.9","80.3","380","214","380","5",45.5,"0",0,0
"Peraza, Oswald","672724","10","21.5",20,"109.2","92.9","101.4","94.8","96.7","379","151","379","5",50,"1",10,6.3
"Stallings, Jacob","607732","10","25.6",40,"96.5","85.1","93.1","84.5","85","356","181",,"3",30,"0",0,0
"Schmitt, Casey","669477","10","8.2",30,"111.4","86","96.2","96.2","79.2","378","139",,"3",30,"1",10,6.3
"Cowser, Colton","681297","10","20.3",30,"110.6","93.7","104.4","102.2","93.2","417","148","417","6",60,"1",10,5.6
"Sánchez, Gary","596142","9","21.2",22.2,"107.7","91.4","101.6","93.8","98.3","351","165",,"5",55.6,"0",0,0
"Martínez, Angel","682657","9","10.5",44.4,"103.4","94.6","102.7","96","92.8","385","180",,"6",66.7,"1",11.1,9.1
"McCormick, Chas","676801","9","9.6",33.3,"96","81.1","88.4","79.2","83.1","231","87",,"1",11.1,"0",0,0
"Freeman, Tyler","671289","9","3.1",22.2,"108","96","102.3","92.3","97.9","355","129",,"4",44.4,"0",0,0
"Escarra, J.C.","641555","9","32.5",33.3,"106.4","90.1","100.1","95.1","100.6","285","144",,"4",44.4,"0",0,0
"Tauchman, Mike","643565","8","22",25,"97.1","81.1","90.5","80.5","82.2","295","187",,"1",12.5,"0",0,0
"Duran, Ezequiel","677649","8","-4.4",37.5,"99.6","75.9","87.6","83.5","71.4","339","132",,"2",25,"0",0,0
"Barnes, Austin","605131","8","3.1",12.5,"91.3","73.9","84.7","91.3","75.1","309","65",,"0",0,"0",0,0
"Gonzalez, Oscar","660757","8","6.3",12.5,"110.9","87.8","101.4","94.3","77.1","366","175",,"4",50,"0",0,0
"Marchán, Rafael","665561","8","14.2",25,"104.4","82.1","92.4","86.7","86.1","250","116",,"2",25,"0",0,0
"Dezenzo, Zach","701305","8","17.7",37.5,"104.6","84.1","95.8","90.7","73.1","261","143",,"2",25,"0",0,0
"Davis, Henry","680779","8","38.6",37.5,"95.9","79.7","88.8","77.9","95.9","231","132",,"1",12.5,"0",0,0
"Huff, Sam","669087","8","3.4",12.5,"103.7","92.1","100.6","94.7","89.5","276","124",,"4",50,"0",0,0
"Bauers, Jake","641343","7","27.3",42.9,"108.7","95.8","106.8","102.1","95.2","348","240","331","5",71.4,"2",28.6,10.5
"Schuemann, Max","680474","7","9.7",28.6,"104.1","90.7","99.5","95.9","92.1","359","141",,"3",42.9,"1",14.3,10
"Mateo, Jorge","622761","7","24.7",14.3,"101.6","89.8","93.1","88.1","93.9","347","213",,"1",14.3,"0",0,0
"Wynns, Austin","642851","7","24.9",57.1,"107","90.9","100.5","98.2","88.1","410","216","410","3",42.9,"1",14.3,6.7
"Schneider, Davis","676914","7","20.6",14.3,"89.1","74.4","82.4","76.8","76.4","293","133",,"0",0,"0",0,0
"Reyes, Pablo","622569","6","22.2",16.7,"94.7","80.2","88","75.7","88","259","117",,"0",0,"0",0,0
"Montes, Coco","663796","6","-6.5",16.7,"105.2","87.9","99.7","68.6","91.8","168","39",,"2",33.3,"0",0,0
"Bouchard, Sean","656248","6","19.7",33.3,"104","90.8","101.2","101.2","76","367","168","367","3",50,"0",0,0
"Koss, Christian","683766","6","-10.4",0,"103.8","89.5","100.9",,"89.5","50","17",,"3",50,"0",0,0
"Meidroth, Chase","805367","6","-7",33.3,"91.5","76.7","89.9","86.7","74.8","190","82",,"0",0,"0",0,0
"Siani, Michael","672279","6","31.2",33.3,"96.7","76.2","82.2","72.3","96.7","259","143",,"1",16.7,"0",0,0
"Haase, Eric","606992","6","14.4",33.3,"107.4","86.6","95.7","86.7","88","419","159","419","2",33.3,"1",16.7,8.3
"White, Eli","642201","6","4.4",66.7,"106.3","89.8","96","94.1","72.4","335","205",,"1",16.7,"0",0,0
"Narváez, Omar","553882","6","14.9",33.3,"94.5","85.5","93.1","84.7","87","318","193",,"0",0,"0",0,0
"Tena, José","677588","6","-4.3",16.7,"102.4","81","93.1","88.4","76","279","96",,"1",16.7,"0",0,0
"Marte, Noelvi","682622","6","18.3",0,"93.2","81.3","88","78.4","85.3","240","104",,"0",0,"0",0,0
"Hedges, Austin","595978","5","21.9",20,"106","87.2","99.4","99.4","60.4","363","204","363","2",40,"0",0,0
"Lopez, Nicky","670032","5","1.1",0,"96.9","76.6","84",,"84","190","78",,"1",20,"0",0,0
"Lee, Brooks","686797","5","1.6",40,"99.8","92.6","99","99.1","88.2","358","148",,"4",80,"1",20,16.7
"Taylor, Chris","621035","5","37.2",20,"96.7","78","86.3","76.7","96.7","223","162",,"1",20,"0",0,0
"Waters, Drew","671221","5","7.8",60,"96.8","94.6","96.4","93.9","96.8","276","182",,"2",40,"0",0,0
"Laureano, Ramón","657656","5","6.6",0,"97.8","83.3","86.3","78.7","86.3","249","97",,"1",20,"0",0,0
"Pereda, Jhonny","640902","5","7.8",40,"103.3","88.5","96.5","93","85.4","321","138",,"2",40,"0",0,0
"Rivas, Leo","660844","4","27.1",50,"97.1","86.2","93","87.8","80.4","307","167",,"1",25,"0",0,0
"Cheng, Tsung-Che","691907","4","17.9",25,"100.6","93.2","98.6","91.5","94.8","296","178",,"2",50,"0",0,0
"Amador, Adael","691182","4","25.5",50,"102.7","89.1","95.9","84.6","102.7","327","217",,"1",25,"0",0,0
"Sabol, Blake","666165","4","4.2",25,"105.5","95.1","102.8","100.1","93.4","365","125",,"2",50,"1",25,14.3
"Workman, Gage","669398","4","24.1",50,"105.6","95.6","102.9","98.1","88.2","347","212",,"2",50,"1",25,10
"Tromp, Chadwick","644433","3","9.3",0,"98.9","89.3","95.1",,"88.2","174","62",,"1",33.3,"0",0,0
"Harris, Dustin","687957","3","22.3",33.3,"102.9","96","98.2","97.3","93.5","408","226","408","1",33.3,"1",33.3,25
"Keirsey Jr., DaShawn","680577","3","5.1",0,"96.3","88.9","92.7",,"92.7","86","31",,"1",33.3,"0",0,0
"Hurtubise, Jacob","674441","3","-4.3",33.3,"97.8","92.5","95.4","97.8","89.8","171","65",,"1",33.3,"0",0,0
"Clemens, Kody","665019","3","-13.1",0,"91.5","79.1","88.9",,"79.1","62","29",,"0",0,"0",0,0
"Adams, Riley","656180","2","8.7",50,"99.2","97.3","99.2","99.2","95.3","301","175",,"2",100,"0",0,0
"Rodríguez, Johnathan","671286","2","49.9",0,"95.5","83.9","95.5","95.5",,"303","238",,"1",50,"0",0,0
"Nido, Tomás","621512","2","22.9",0,"91.8","85.1","91.8",,"91.8","130","69",,"0",0,"0",0,0
"Nuñez, Nasim","683083","2","15.8",100,"94.4","87.2","94.4","87.2",,"298","229",,"0",0,"0",0,0
"Lowe, Josh","666139","2","-16.6",0,"98","84.7","98",,"84.7","7","7",,"1",50,"0",0,0
"Wade, Tyler","642180","2","-22.8",0,"87.5","75.2","87.5",,"75.2","19","11",,"0",0,"0",0,0
"Palacios, Joshua","641943","2","-12.1",0,"93.6","82.9","93.6",,"82.9","13","10",,"0",0,"0",0,0
"Brantly, Rob","542963","2","51.6",0,"92.4","89.2","92.4","89.2",,"276","234",,"0",0,"0",0,0
"Davis, J.D.","605204","1","-34.8",0,"79","79","79",,"79","2","2",,"0",0,"0",0,0
"Canzone, Dominic","686527","1","50.4",0,"88","88","88","88",,"246","246",,"0",0,"0",0,0
"Nelson, Ryne","669194","1","-16.7",0,"89.8","89.8","89.8",,"89.8","10","10",,"0",0,"0",0,0
"Ornelas, Jonathan","680716","1",,0,,,,,,"2","2",,"0",0,"0",0,0
"Tolbert, Tyler","686475","1","-35",0,"86.3","86.3","86.3",,"86.3","2","2",,"0",0,"0",0,0
"Feduccia, Hunter","676439","1","-7.5",0,"98.9","98.9","98.9",,"98.9","16","16",,"1",100,"0",0,0
"Blanco, Dairon","680118","1","-6.3",0,"72.9","72.9","72.9",,"72.9","13","13",,"0",0,"0",0,0
"Bae, Ji Hwan","678225","1","73",0,"79","79","79",,,"116","116",,"0",0,"0",0,0
"Gonzales, Nick","693304","1","22.8",100,"101","101","101","101",,"374","374","374","1",100,"1",100,33.3
"Carlson, Dylan","666185","1","39.4",0,"90.5","90.5","90.5","90.5",,"317","317",,"0",0,"0",0,0