Rk,Player,HR,Season,Age,Team,Lg,G,PA,AB,R,H,1B,2B,3B,HR,RBI,SB,CS,BB,SO,BA,OBP,SLG,OPS,OPS+,TB,GIDP,HBP,SH,SF,IBB,Pos,Player-additional
1,Jazz Chisholm Jr.,6,2025,27,NYY,AL,16,69,63,10,11,3,2,0,6,11,4,0,4,24,.175,.246,.492,.738,108,31,0,2,0,0,0,*4,chishja01
2,Tommy Edman,6,2025,30,LAD,NL,18,73,68,11,16,9,0,1,6,14,1,0,3,10,.235,.274,.529,.803,128,36,1,1,0,1,0,*4/8,edmanto01
3,Wilmer Flores,6,2025,33,SFG,NL,16,61,59,9,15,9,0,0,6,20,0,0,1,10,.254,.279,.559,.838,140,33,2,1,0,0,0,*D/3H,florewi01
4,Aaron Judge,6,2025,33,NYY,AL,16,73,60,17,22,12,4,0,6,20,2,0,11,17,.367,.479,.733,1.213,247,44,1,2,0,0,2,*9/D,judgeaa01
5,Kyle Schwarber,6,2025,32,PHI,NL,16,72,58,14,15,7,1,1,6,12,1,1,12,16,.259,.403,.621,1.023,188,36,0,2,0,0,1,*D,schwaky01
6,Tyler Soderstrom,6,2025,23,ATH,AL,16,67,59,12,18,10,2,0,6,11,0,0,8,13,.305,.388,.644,1.032,202,38,1,0,0,0,0,*3,soderty01
7,Fernando Tatis Jr.,6,2025,26,SDP,NL,16,70,61,16,22,15,1,0,6,12,6,0,8,9,.361,.429,.672,1.101,209,41,1,0,0,1,0,*9,tatisfe02
8,Mike Trout,6,2025,33,LAA,AL,15,67,56,9,11,4,1,0,6,14,1,0,8,14,.196,.299,.536,.834,137,30,0,1,0,2,2,*9/D,troutmi01
9,Kerry Carpenter,5,2025,27,DET,AL,16,56,52,8,14,7,2,0,5,10,0,1,1,11,.269,.304,.596,.900,155,31,0,2,0,1,0,*/79HD,carpeke01
10,Corbin Carroll,5,2025,24,ARI,NL,16,73,63,14,21,9,6,1,5,10,1,0,7,16,.333,.425,.698,1.123,212,44,1,3,0,0,1,*9/H,carroco02
11,Jackson Chourio,5,2025,21,MIL,NL,17,77,76,14,22,10,6,1,5,17,1,1,0,20,.289,.286,.592,.878,141,45,3,0,0,1,0,*7/9D,chourja01
12,Teoscar Hernández,5,2025,32,LAD,NL,17,68,64,9,18,10,3,0,5,16,2,0,3,13,.281,.309,.563,.871,148,36,1,0,0,1,0,*9,hernate01
13,Matt Mervis,5,2025,27,MIA,NL,11,38,34,6,10,5,0,0,5,11,0,0,3,15,.294,.342,.735,1.077,187,25,0,0,0,1,0,/3DH,mervima01
14,Logan O'Hoppe,5,2025,25,LAA,AL,13,49,48,7,16,10,1,0,5,9,0,0,1,18,.333,.347,.667,1.014,187,32,1,0,0,0,0,*2/H,ohopplo01
15,Shohei Ohtani,5,2025,30,LAD,NL,18,82,71,18,21,14,1,1,5,6,4,1,11,18,.296,.390,.549,.940,170,39,0,0,0,0,2,*D,ohtansh01
16,Kyren Paris,5,2025,23,LAA,AL,14,46,38,13,14,7,1,1,5,8,5,0,5,10,.368,.467,.842,1.309,271,32,1,2,0,0,0,/48HD,parisky01
17,Cal Raleigh,5,2025,28,SEA,AL,16,68,59,9,13,5,3,0,5,8,2,0,8,18,.220,.324,.525,.849,156,31,1,1,0,0,1,*2/D,raleica01
18,Ben Rice,5,2025,26,NYY,AL,15,60,50,12,15,7,2,1,5,7,2,1,10,14,.300,.417,.680,1.097,213,34,2,0,0,0,0,*D/3,ricebe01
19,Eugenio Suárez,5,2025,33,ARI,NL,16,65,55,7,8,1,2,0,5,11,1,0,8,19,.145,.277,.455,.731,103,25,2,2,0,0,1,*5,suareeu01
20,Spencer Torkelson,5,2025,25,DET,AL,16,71,59,13,17,7,5,0,5,12,1,0,8,21,.288,.380,.627,1.007,188,37,0,2,0,2,0,*3/D,torkesp01
21,Kyle Tucker,5,2025,28,CHC,NL,19,91,75,19,23,10,8,0,5,18,3,0,16,11,.307,.429,.613,1.042,198,46,1,0,0,0,3,*9/D,tuckeky01
22,Taylor Ward,5,2025,31,LAA,AL,15,69,64,10,15,9,1,0,5,8,0,0,4,15,.234,.275,.484,.760,116,31,1,0,0,1,1,*7,wardta01
23,James Wood,5,2025,22,WSN,NL,16,69,57,11,14,6,3,0,5,12,3,1,11,21,.246,.377,.561,.938,169,32,1,1,0,0,0,*7/D,woodja03
24,CJ Abrams,4,2025,24,WSN,NL,11,46,41,6,10,4,2,0,4,7,4,0,3,12,.244,.289,.585,.874,147,24,0,0,1,1,0,*6,abramcj01
25,Pete Alonso,4,2025,30,NYM,NL,16,69,55,10,19,9,6,0,4,19,0,0,11,9,.345,.464,.673,1.136,227,37,2,2,0,1,1,*3,alonspe01
26,Mookie Betts,4,2025,32,LAD,NL,15,65,56,12,17,11,2,0,4,10,1,0,8,5,.304,.400,.554,.954,175,31,2,1,0,0,0,*6,bettsmo01
27,Michael Busch,4,2025,27,CHC,NL,18,66,58,12,18,9,4,1,4,12,1,0,5,16,.310,.394,.621,1.015,189,36,0,3,0,0,0,*3/H,buschmi02
28,Junior Caminero,4,2025,21,TBR,AL,15,59,55,11,16,10,2,0,4,9,0,0,3,13,.291,.322,.545,.867,148,30,5,0,0,1,0,*5/DH,caminju01
29,Trent Grisham,4,2025,28,NYY,AL,14,39,35,10,12,7,1,0,4,10,0,1,3,7,.343,.410,.714,1.125,220,25,0,1,0,0,0,*8,grishtr01
30,Kiké Hernández,4,2025,33,LAD,NL,14,52,48,4,6,2,0,0,4,8,0,0,3,17,.125,.173,.375,.548,54,18,1,0,0,1,0,*3/4,hernaen02
31,Iván Herrera,4,2025,25,STL,NL,7,24,21,6,8,2,2,0,4,11,0,0,3,5,.381,.458,1.048,1.506,316,22,3,0,0,0,0,/2H,herreiv01
32,Carson Kelly,4,2025,30,CHC,NL,9,37,24,8,10,4,1,1,4,13,0,0,11,3,.417,.595,1.042,1.636,364,25,1,1,0,1,0,/2,kellyca02
33,Wyatt Langford,4,2025,23,TEX,AL,12,48,41,6,10,5,1,0,4,6,2,0,5,8,.244,.333,.561,.894,159,23,2,1,0,1,0,*7,langfwy01
34,Kyle Manzardo,4,2025,24,CLE,AL,15,59,46,8,9,3,1,1,4,11,0,0,10,15,.196,.339,.522,.861,148,24,0,1,0,2,0,*D/3H,manzaky01
35,Sean Murphy,4,2025,30,ATL,NL,6,26,22,5,6,2,0,0,4,8,0,0,2,8,.273,.385,.818,1.203,230,18,2,2,0,0,0,/2,murphse01
36,Brandon Nimmo,4,2025,32,NYM,NL,16,67,61,7,13,6,3,0,4,9,0,1,5,13,.213,.269,.459,.728,107,28,2,0,0,1,0,*7,nimmobr01
37,José Ramírez,4,2025,32,CLE,AL,14,57,48,6,11,5,2,0,4,7,1,1,6,8,.229,.316,.521,.837,140,25,0,1,0,2,2,*5/D,ramirjo01
38,Austin Riley,4,2025,28,ATL,NL,16,70,66,9,19,11,4,0,4,11,0,0,3,21,.288,.329,.530,.859,139,35,0,1,0,0,0,*5,rileyau01
39,Brent Rooker,4,2025,30,ATH,AL,16,73,69,7,13,7,1,1,4,8,0,0,4,21,.188,.233,.406,.639,86,28,2,0,0,0,0,*D/9,rookebr01
40,Jorge Soler,4,2025,33,LAA,AL,15,63,54,7,13,7,2,0,4,8,0,0,4,20,.241,.317,.500,.817,133,27,0,3,0,2,0,*D/9,solerjo01
41,Seiya Suzuki,4,2025,30,CHC,NL,17,77,65,11,19,12,2,1,4,15,1,1,11,23,.292,.390,.538,.928,166,35,1,0,0,1,0,*D/79,suzukse01
42,Dansby Swanson,4,2025,31,CHC,NL,19,82,74,9,13,6,3,0,4,12,2,0,6,18,.176,.235,.378,.613,74,28,1,0,1,1,0,*6,swansda01
43,Anthony Volpe,4,2025,24,NYY,AL,16,67,57,10,12,5,3,0,4,13,1,2,8,17,.211,.313,.474,.787,125,27,0,1,0,1,0,*6,volpean01
44,Wilyer Abreu,3,2025,26,BOS,AL,18,66,54,12,18,11,4,0,3,12,2,0,12,15,.333,.455,.574,1.029,193,31,1,0,0,0,3,*9/H,abreuwi02
45,Ozzie Albies,3,2025,28,ATL,NL,16,70,64,8,16,10,3,0,3,9,2,0,6,10,.250,.314,.438,.752,111,28,1,0,0,0,0,*4,albieoz01
46,Jose Altuve,3,2025,35,HOU,AL,16,71,66,10,19,16,0,0,3,7,3,2,4,13,.288,.324,.424,.748,118,28,1,0,0,1,1,7/4D,altuvjo01
47,Gabriel Arias,3,2025,25,CLE,AL,14,51,45,6,12,8,1,0,3,7,0,1,4,15,.267,.333,.489,.822,138,22,2,1,0,1,0,*4/56,ariasga01
48,Randy Arozarena,3,2025,30,SEA,AL,16,69,55,6,9,2,4,0,3,10,3,0,12,17,.164,.333,.400,.733,124,22,2,2,0,0,0,*7,arozara01
49,Harrison Bader,3,2025,31,MIN,AL,15,45,43,3,9,5,1,0,3,10,0,0,1,11,.209,.244,.442,.686,93,19,1,1,0,0,0,*7/89H,baderha01
50,Byron Buxton,3,2025,31,MIN,AL,15,60,56,12,10,4,3,0,3,7,3,0,2,21,.179,.233,.393,.626,77,22,0,2,0,0,0,*8,buxtoby01
51,Kristian Campbell,3,2025,23,BOS,AL,17,69,58,11,19,12,4,0,3,6,1,1,10,16,.328,.420,.552,.972,177,32,0,0,0,1,0,*4/87,campbkr01
52,Nick Castellanos,3,2025,33,PHI,NL,16,63,58,8,18,10,5,0,3,11,0,0,5,11,.310,.365,.552,.917,158,32,1,0,0,0,0,*9,casteni01
53,William Contreras,3,2025,27,MIL,NL,16,67,57,10,13,8,2,0,3,10,0,0,9,13,.228,.328,.421,.749,111,24,0,0,0,1,1,*2/D,contrwi02
54,Elly De La Cruz,3,2025,23,CIN,NL,16,67,63,10,15,9,3,0,3,17,3,1,4,20,.238,.284,.429,.712,95,27,0,0,0,0,1,*6,delacel01
55,Yandy Díaz,3,2025,33,TBR,AL,16,70,66,10,15,9,3,0,3,5,1,0,3,10,.227,.257,.409,.666,91,27,2,0,0,1,0,*D/3,diazya01
56,Brenton Doyle,3,2025,27,COL,NL,12,56,53,7,17,11,3,0,3,12,1,0,3,10,.321,.357,.547,.904,144,29,1,0,0,0,0,*8,doylebr02
57,Andrés Giménez,3,2025,26,TOR,AL,17,72,61,13,14,8,3,0,3,8,5,1,8,14,.230,.333,.426,.760,120,26,0,2,0,1,0,*4/H,gimenan01
58,Hunter Goodman,3,2025,25,COL,NL,14,52,47,5,10,4,3,0,3,7,0,0,3,14,.213,.288,.468,.757,104,22,2,2,0,0,0,*2/D,goodmhu01
59,Riley Greene,3,2025,24,DET,AL,15,63,60,9,14,7,4,0,3,5,0,0,3,25,.233,.270,.450,.720,106,27,1,0,0,0,0,*7/8DH,greenri03
60,Jonah Heim,3,2025,30,TEX,AL,11,37,37,4,10,7,0,0,3,7,2,0,0,8,.270,.270,.514,.784,126,19,2,0,0,0,0,/2DH,heimjo01
61,Shea Langeliers,3,2025,27,ATH,AL,14,59,51,8,11,6,2,0,3,8,0,0,8,7,.216,.322,.431,.753,123,22,2,0,0,0,0,*2/D,langesh01
62,Jung Hoo Lee,3,2025,26,SFG,NL,15,66,59,16,19,7,8,1,3,11,3,0,7,11,.322,.394,.644,1.038,201,38,0,0,0,0,0,*8,leeju01
63,Nathaniel Lowe,3,2025,29,WSN,NL,16,63,56,6,14,7,4,0,3,16,0,0,7,22,.250,.333,.482,.815,134,27,1,0,0,0,0,*3/DH,lowena01
64,Brandon Lowe,3,2025,30,TBR,AL,14,61,57,6,15,12,0,0,3,11,0,1,3,12,.263,.295,.421,.716,106,24,0,0,0,1,0,*4,lowebr01
65,Matt McLain,3,2025,25,CIN,NL,8,31,28,7,6,2,1,0,3,5,1,0,2,11,.214,.290,.571,.862,133,16,0,1,0,0,0,/4H,mclaima01
66,Jackson Merrill,3,2025,22,SDP,NL,10,41,37,7,14,9,2,0,3,10,1,1,3,7,.378,.415,.676,1.090,206,25,1,0,0,1,0,8,merrija01
67,Kameron Misner,3,2025,27,TBR,AL,14,45,40,8,16,8,4,1,3,9,1,0,3,7,.400,.444,.775,1.219,248,31,1,1,0,1,0,*/879,misneka01
68,Cedric Mullins,3,2025,30,BAL,AL,14,58,47,9,13,6,4,0,3,16,2,1,9,10,.277,.414,.553,.967,187,26,1,2,0,0,0,*8,mullice01
69,Marcell Ozuna,3,2025,34,ATL,NL,15,65,49,10,15,10,2,0,3,8,0,0,16,17,.306,.477,.531,1.008,186,26,1,0,0,0,0,*D,ozunama01
70,Isaac Paredes,3,2025,26,HOU,AL,16,72,61,8,16,12,1,0,3,9,0,0,9,15,.262,.375,.426,.801,135,26,1,2,0,0,0,*5,paredis01
71,Jeremy Peña,3,2025,27,HOU,AL,16,66,58,9,12,8,1,0,3,7,4,0,5,11,.207,.288,.379,.667,94,22,0,2,0,1,1,*6,penaje02
72,Jorge Polanco,3,2025,31,SEA,AL,11,40,37,4,14,11,0,0,3,12,1,0,1,5,.378,.385,.622,1.006,203,23,0,0,1,1,0,/5D34,polanjo01
73,Heliot Ramos,3,2025,25,SFG,NL,16,72,68,10,15,7,5,0,3,9,2,0,3,21,.221,.264,.426,.690,100,29,3,1,0,0,0,*7/D,ramoshe02
74,Julio Rodríguez,3,2025,24,SEA,AL,16,72,62,12,13,7,1,2,3,8,4,0,8,19,.210,.319,.435,.755,129,27,0,2,0,0,1,*8,rodriju01
75,Adley Rutschman,3,2025,27,BAL,AL,14,61,54,9,14,9,2,0,3,6,0,0,7,8,.259,.344,.463,.807,140,25,3,0,0,0,0,*2/D,rutscad01
76,Corey Seager,3,2025,31,TEX,AL,14,56,52,4,12,9,0,0,3,3,0,0,4,13,.231,.286,.404,.690,102,21,1,0,0,0,0,*6/D,seageco01
77,Trevor Story,3,2025,32,BOS,AL,18,71,69,7,21,16,2,0,3,8,6,0,2,22,.304,.324,.464,.788,123,32,0,0,0,0,0,*6/DH,storytr01
78,Brice Turang,3,2025,25,MIL,NL,17,74,69,17,23,19,1,0,3,10,3,1,3,17,.333,.365,.478,.843,137,33,0,1,0,1,0,*4,turanbr02
79,Austin Wells,3,2025,25,NYY,AL,15,54,48,5,10,4,2,1,3,7,0,0,4,12,.208,.278,.479,.757,115,23,1,1,0,1,0,*2/H,wellsau01
80,Jordan Westburg,3,2025,26,BAL,AL,13,57,52,8,12,9,0,0,3,4,0,0,4,13,.231,.298,.404,.702,108,21,1,1,0,0,0,/45D,westbjo01
81,Mike Yastrzemski,3,2025,34,SFG,NL,14,55,45,9,14,7,4,0,3,9,2,0,10,15,.311,.436,.600,1.036,203,27,0,0,0,0,1,*9/H,yastrmi01
82,Christian Yelich,3,2025,33,MIL,NL,16,65,56,7,8,4,1,0,3,10,3,0,8,16,.143,.262,.321,.583,65,18,0,1,0,0,1,*D/7H,yelicch01
83,Jo Adell,2,2025,26,LAA,AL,12,46,42,4,8,5,1,0,2,9,0,0,3,12,.190,.261,.357,.618,78,15,0,1,0,0,0,*8,adelljo01
84,Jonathan Aranda,2,2025,27,TBR,AL,14,50,43,9,17,8,7,0,2,10,0,0,5,10,.395,.460,.698,1.158,233,30,2,1,0,1,0,*3/HD,arandjo01
85,Nolan Arenado,2,2025,34,STL,NL,15,66,57,11,18,10,6,0,2,9,0,0,9,4,.316,.409,.526,.935,166,30,1,0,0,0,3,*5,arenano01
86,Luis Arráez,2,2025,28,SDP,NL,17,76,71,8,20,15,3,0,2,5,2,1,2,1,.282,.307,.408,.715,103,29,1,1,1,1,0,*3/D,arraelu01
87,Josh Bell,2,2025,32,WSN,NL,15,62,52,8,8,5,0,1,2,8,0,0,9,14,.154,.290,.308,.598,75,16,1,1,0,0,0,*D/3,belljo02
88,Andrew Benintendi,2,2025,30,CHW,AL,9,33,31,5,9,7,0,0,2,6,0,0,2,7,.290,.333,.484,.817,137,15,0,0,0,0,0,/7D,beninan01
89,Alex Bregman,2,2025,31,BOS,AL,18,80,73,8,20,12,6,0,2,12,1,0,4,18,.274,.325,.438,.763,117,32,1,2,0,1,0,*5,bregmal01
90,Jake Burger,2,2025,29,TEX,AL,15,55,53,5,8,4,2,0,2,7,0,0,1,15,.151,.182,.302,.484,40,16,0,1,0,0,0,*3,burgeja01
91,Matt Chapman,2,2025,32,SFG,NL,16,70,56,8,10,6,2,0,2,9,1,0,14,19,.179,.343,.321,.664,98,18,0,0,0,0,0,*5,chapmma01
92,Michael Conforto,2,2025,32,LAD,NL,16,62,51,9,11,5,4,0,2,5,0,0,10,19,.216,.355,.412,.767,123,21,2,1,0,0,0,*7/H,confomi01
93,Jake Cronenworth,2,2025,31,SDP,NL,12,44,35,7,9,5,2,0,2,5,0,0,8,9,.257,.409,.486,.895,155,17,0,1,0,0,0,*4/H,croneja01
94,Pete Crow-Armstrong,2,2025,23,CHC,NL,19,81,74,14,19,11,5,1,2,8,7,1,5,19,.257,.313,.432,.745,114,32,0,1,1,0,0,*8,crowape01
95,Oneil Cruz,2,2025,26,PIT,NL,14,59,46,7,10,6,2,0,2,5,8,0,10,15,.217,.356,.391,.747,112,18,0,1,0,2,2,*8/H,cruzon01
96,Dillon Dingler,2,2025,26,DET,AL,11,41,40,5,13,8,2,1,2,9,0,0,0,11,.325,.341,.575,.916,162,23,0,1,0,0,0,/2H,dingldi01
97,Brendan Donovan,2,2025,28,STL,NL,16,69,64,10,25,18,5,0,2,11,1,1,4,10,.391,.420,.563,.983,179,36,1,0,0,1,0,*4/67DH,donovbr01
98,Christian Encarnacion-Strand,2,2025,25,CIN,NL,13,52,49,3,8,5,1,0,2,3,0,1,1,12,.163,.192,.306,.498,36,15,1,1,0,1,0,*3,encarch01
99,Ty France,2,2025,30,MIN,AL,17,65,59,8,17,12,3,0,2,8,0,0,3,5,.288,.354,.441,.795,128,26,2,3,0,0,0,*3,francty01
100,Freddie Freeman,2,2025,35,LAD,NL,7,25,24,3,6,2,2,0,2,4,0,0,0,3,.250,.280,.583,.863,144,14,0,1,0,0,0,/3H,freemfr01
101,Maikel Garcia,2,2025,25,KCR,AL,16,57,54,6,15,9,4,0,2,9,1,1,2,11,.278,.298,.463,.761,116,25,1,0,0,1,0,5/48H6D,garcima01
102,Adolis García,2,2025,32,TEX,AL,16,59,51,5,11,5,4,0,2,5,3,0,5,8,.216,.322,.412,.734,116,21,0,3,0,0,0,*9,garciad02
103,Lourdes Gurriel Jr.,2,2025,31,ARI,NL,15,60,55,4,8,4,2,0,2,8,0,0,3,7,.145,.183,.291,.474,32,16,0,0,0,2,0,*7,gurrilo01
104,Bryce Harper,2,2025,32,PHI,NL,16,72,61,8,15,11,2,0,2,5,4,0,11,16,.246,.361,.377,.738,112,23,2,0,0,0,2,*3,harpebr03
105,Michael Harris II,2,2025,24,ATL,NL,16,66,59,5,12,8,2,0,2,6,2,1,3,14,.203,.234,.339,.573,60,20,1,0,2,2,0,*8/H,harrimi04
106,Steven Kwan,2,2025,27,CLE,AL,15,65,59,12,19,16,1,0,2,8,1,0,4,8,.322,.375,.441,.816,139,26,0,1,1,0,0,*7,kwanst01
107,Otto López,2,2025,26,MIA,NL,14,63,56,8,13,8,3,0,2,8,1,1,7,7,.232,.317,.393,.710,95,22,1,0,0,0,1,*4,lopezot01
108,Nick Maton,2,2025,28,CHW,AL,15,37,31,3,5,3,0,0,2,2,0,1,6,11,.161,.297,.355,.652,91,11,0,0,0,0,0,/DH347,matonni01
109,Ryan McMahon,2,2025,30,COL,NL,16,65,58,3,13,9,2,0,2,4,0,0,5,22,.224,.292,.362,.654,79,21,1,1,0,1,0,*5,mcmahry01
110,Dylan Moore,2,2025,32,SEA,AL,13,35,31,6,8,6,0,0,2,2,2,2,4,7,.258,.343,.452,.794,142,14,0,0,0,0,0,/5H34D,mooredy01
111,Lars Nootbaar,2,2025,27,STL,NL,15,74,61,11,17,13,2,0,2,7,2,0,12,11,.279,.405,.410,.815,134,25,1,1,0,0,1,*7/9,nootbla01
112,Tyler O'Neill,2,2025,30,BAL,AL,13,52,45,7,13,7,3,1,2,8,0,0,4,10,.289,.365,.533,.899,166,24,1,2,0,1,0,*9/7D,oneilty01
113,Andy Pages,2,2025,24,LAD,NL,16,59,51,5,7,4,1,0,2,2,0,1,6,19,.137,.254,.275,.529,54,14,0,2,0,0,0,*8/97,pagesan01
114,Vinnie Pasquantino,2,2025,27,KCR,AL,16,66,58,4,12,7,2,1,2,11,0,0,6,9,.207,.288,.379,.667,91,22,1,1,0,1,1,/3D,pasquvi01
115,Geraldo Perdomo,2,2025,25,ARI,NL,16,69,51,8,17,13,2,0,2,13,2,0,13,2,.333,.448,.490,.938,166,25,0,0,2,3,0,*6,perdoge01
116,Salvador Perez,2,2025,35,KCR,AL,17,69,64,4,13,9,2,0,2,9,0,0,5,19,.203,.261,.328,.589,69,21,1,0,0,0,0,2/3D,perezsa02
117,Bryan Reynolds,2,2025,30,PIT,NL,16,74,67,6,15,9,4,0,2,8,1,2,6,23,.224,.284,.373,.657,85,25,1,0,0,1,1,*D/9,reynobr01
118,Keibert Ruiz,2,2025,26,WSN,NL,15,61,55,9,20,16,2,0,2,11,0,1,4,5,.364,.426,.509,.935,171,28,0,2,0,0,0,*2,ruizke01
119,Carlos Santana,2,2025,39,CLE,AL,15,64,56,9,14,10,2,0,2,5,1,0,7,13,.250,.328,.393,.721,111,22,1,0,0,1,1,*3/D,santaca01
120,Nolan Schanuel,2,2025,23,LAA,AL,15,63,57,8,17,11,3,1,2,7,1,0,5,9,.298,.365,.491,.856,147,28,3,1,0,0,1,*3,schanno01
121,Gavin Sheets,2,2025,29,SDP,NL,15,47,42,5,14,10,2,0,2,10,1,0,4,11,.333,.383,.524,.907,157,22,1,0,0,1,0,*D/H7,sheetga01
122,Juan Soto,2,2025,26,NYM,NL,16,70,56,13,14,8,4,0,2,6,1,0,14,8,.250,.400,.429,.829,142,24,3,0,0,0,2,*9,sotoju01
123,George Springer,2,2025,35,TOR,AL,16,56,48,6,18,12,3,1,2,10,2,0,6,14,.375,.436,.604,1.041,200,29,2,0,0,1,0,/98DH,springe01
124,Jordan Walker,2,2025,23,STL,NL,15,61,55,6,15,12,1,0,2,6,2,2,5,18,.273,.344,.400,.744,112,22,1,1,0,0,0,*9/H,walkejo02
125,Jacob Wilson,2,2025,23,ATH,AL,16,61,61,10,21,15,4,0,2,8,0,0,0,3,.344,.344,.508,.852,151,31,3,0,0,0,0,*6,wilsoja05
126,Bobby Witt Jr.,2,2025,25,KCR,AL,17,73,63,11,20,12,6,0,2,7,5,1,8,12,.317,.397,.508,.905,159,32,0,1,0,1,2,*6,wittbo02
127,Willy Adames,1,2025,29,SFG,NL,16,72,64,9,13,9,3,0,1,7,1,1,7,19,.203,.278,.297,.575,70,19,0,0,0,1,0,*6,adamewi01
128,Yordan Alvarez,1,2025,28,HOU,AL,16,68,54,3,12,9,2,0,1,9,1,0,11,15,.222,.338,.315,.653,93,17,0,0,0,3,2,*D/7,alvaryo01
129,Miguel Amaya,1,2025,26,CHC,NL,12,44,42,5,13,6,6,0,1,12,0,0,0,8,.310,.318,.524,.842,139,22,0,1,0,1,0,2/DH,amayami01
130,Miguel Andujar,1,2025,30,ATH,AL,14,53,49,6,14,12,1,0,1,6,0,0,4,8,.286,.340,.367,.707,111,18,1,0,0,0,0,*7/3H,andujmi01
131,Brooks Baldwin,1,2025,24,CHW,AL,14,44,41,2,11,9,1,0,1,7,1,0,1,11,.268,.279,.366,.645,88,15,1,0,1,1,0,/4697H58,baldwbr01
132,Joey Bart,1,2025,28,PIT,NL,12,46,40,4,11,8,1,1,1,5,1,0,4,14,.275,.370,.425,.795,125,17,2,2,0,0,0,2/H,bartjo01
133,Jake Bauers,1,2025,29,MIL,NL,9,19,15,2,3,1,1,0,1,3,1,0,4,8,.200,.368,.467,.835,135,7,0,0,0,0,0,/3H1D,bauerja01
134,Cody Bellinger,1,2025,29,NYY,AL,13,54,47,9,9,7,0,1,1,8,2,0,4,16,.191,.241,.298,.539,56,14,0,0,0,3,0,*/789,bellico01
135,JJ Bleday,1,2025,27,ATH,AL,15,63,53,9,11,8,2,0,1,6,1,1,9,12,.208,.317,.302,.619,86,16,2,0,0,1,0,*8,bledajj01
136,Ryan Bliss,1,2025,25,SEA,AL,11,39,35,1,7,5,1,0,1,3,2,2,4,11,.200,.282,.314,.596,83,11,2,0,0,0,0,*4,blissry01
137,Sean Bouchard,1,2025,29,COL,NL,11,21,16,3,3,2,0,0,1,3,0,0,5,10,.188,.381,.375,.756,109,6,0,0,0,0,0,/H97D,bouchse01
138,Lawrence Butler,1,2025,24,ATH,AL,16,67,57,8,16,11,4,0,1,3,2,1,10,10,.281,.388,.404,.792,137,23,0,0,0,0,0,*9,butlela01
139,José Caballero,1,2025,28,TBR,AL,12,33,27,3,9,6,1,1,1,8,5,3,6,11,.333,.455,.556,1.010,194,15,0,0,0,0,0,/596H7,cabaljo01
140,Alexander Canario,1,2025,25,PIT,NL,8,22,19,4,2,1,0,0,1,1,0,0,3,4,.105,.227,.263,.490,39,5,1,0,0,0,0,/98H7,canaral01
141,Jeimer Candelario,1,2025,31,CIN,NL,15,60,53,1,7,5,1,0,1,7,0,1,6,18,.132,.217,.208,.424,19,11,1,0,0,1,0,*5/3D,candeje01
142,Vinny Capra,1,2025,28,MIL,NL,12,32,30,3,3,2,0,0,1,3,0,0,0,10,.100,.129,.200,.329,-8,6,2,1,1,0,0,5/HD,capravi01
143,Triston Casas,1,2025,25,BOS,AL,16,62,57,3,10,6,3,0,1,3,0,0,4,18,.175,.242,.281,.523,50,16,1,1,0,0,1,*3/H,casastr01
144,Willi Castro,1,2025,28,MIN,AL,16,65,59,6,13,7,5,0,1,4,1,0,3,13,.220,.292,.356,.648,86,21,0,3,0,0,0,4/5617,castrwi01
145,Griffin Conine,1,2025,27,MIA,NL,15,52,46,7,14,10,3,0,1,5,0,1,6,13,.304,.385,.435,.819,126,20,0,0,0,0,0,*7/9H,coningr01
146,Willson Contreras,1,2025,33,STL,NL,15,66,61,7,10,6,3,0,1,7,1,0,2,22,.164,.215,.262,.478,36,16,3,2,1,0,0,*3/D,contrwi01
147,Colton Cowser,1,2025,25,BAL,AL,4,18,16,2,2,1,0,0,1,1,0,0,1,6,.125,.222,.313,.535,58,5,0,1,0,0,0,/7,cowseco01
148,Rafael Devers,1,2025,28,BOS,AL,18,80,67,8,15,9,5,0,1,9,0,0,12,27,.224,.338,.343,.681,96,23,2,0,0,1,1,*D,deverra01
149,Yainer Diaz,1,2025,26,HOU,AL,12,49,46,3,6,4,1,0,1,6,0,0,3,11,.130,.184,.217,.401,17,10,2,0,0,0,0,*2/D,diazya02
150,Jasson Domínguez,1,2025,22,NYY,AL,14,55,48,8,11,6,4,0,1,5,2,0,6,15,.229,.327,.375,.702,104,18,0,1,0,0,0,*7/D,dominja01
151,Blake Dunn,1,2025,26,CIN,NL,13,31,24,4,4,2,1,0,1,3,1,0,3,12,.167,.355,.333,.688,93,8,1,4,0,0,0,*/798,dunnbl01
152,Tyler Fitzgerald,1,2025,27,SFG,NL,13,47,42,7,12,7,3,1,1,4,4,0,3,10,.286,.333,.476,.810,136,20,0,0,2,0,0,*4,fitzgty01
153,Adam Frazier,1,2025,33,PIT,NL,15,52,48,4,9,8,0,0,1,6,0,0,2,9,.188,.231,.250,.481,37,12,2,1,0,1,0,*4/79H,fraziad01
154,TJ Friedl,1,2025,29,CIN,NL,15,65,59,11,15,12,2,0,1,6,2,2,4,9,.254,.313,.339,.651,81,20,2,1,1,0,0,*8/D,friedtj01
155,Luis García Jr.,1,2025,25,WSN,NL,14,54,52,6,10,7,2,0,1,5,2,0,1,7,.192,.204,.288,.492,42,15,0,0,0,1,0,*4/H,garcilu04
156,Paul Goldschmidt,1,2025,37,NYY,AL,16,66,60,8,22,16,5,0,1,6,0,0,4,12,.367,.409,.500,.909,163,30,1,1,0,1,1,*3/H,goldspa01
157,Nick Gonzales,1,2025,26,PIT,NL,1,3,3,1,1,0,0,0,1,2,0,0,0,2,.333,.333,1.333,1.667,346,4,0,0,0,0,0,/4,gonzani01
158,Nolan Gorman,1,2025,25,STL,NL,5,18,15,4,5,2,2,0,1,3,0,1,2,3,.333,.389,.667,1.056,195,10,0,0,0,1,1,/45DH,gormano01
159,Eric Haase,1,2025,32,MIL,NL,7,12,11,3,2,1,0,0,1,1,0,0,1,5,.182,.250,.455,.705,95,5,0,0,0,0,0,/2,haaseer01
160,Ian Happ,1,2025,30,CHC,NL,19,94,81,15,17,13,3,0,1,8,1,0,12,19,.210,.309,.284,.592,73,23,1,0,0,1,0,*7,happia01
161,Dustin Harris,1,2025,25,TEX,AL,3,4,4,1,1,0,0,0,1,1,0,0,0,1,.250,.250,1.000,1.250,249,4,0,0,0,0,0,/7H,harridu01
162,Ke'Bryan Hayes,1,2025,28,PIT,NL,16,63,56,8,13,10,1,1,1,8,3,0,7,10,.232,.317,.339,.657,87,19,1,0,0,0,0,*5,hayeske01
163,Austin Hedges,1,2025,32,CLE,AL,6,17,12,2,2,1,0,0,1,1,1,0,5,7,.167,.412,.417,.828,144,5,0,0,0,0,0,/2,hedgeau01
164,Tyler Heineman,1,2025,34,TOR,AL,7,23,22,5,10,7,2,0,1,4,1,0,1,3,.455,.478,.682,1.160,234,15,0,0,0,0,0,/2H,heinety01
165,José Herrera,1,2025,28,ARI,NL,6,20,17,3,3,2,0,0,1,1,0,0,1,5,.176,.222,.353,.575,60,6,0,0,2,0,0,/2,herrejo04
166,Jason Heyward,1,2025,35,SDP,NL,15,44,39,3,8,6,1,0,1,6,0,1,3,9,.205,.256,.308,.564,61,12,0,0,0,1,0,*7/H9,heywaja01
167,Derek Hill,1,2025,29,MIA,NL,10,44,38,7,7,4,2,0,1,3,3,0,3,14,.184,.262,.316,.578,59,12,0,1,2,0,0,/8D,hillde01
168,Jackson Holliday,1,2025,21,BAL,AL,13,48,47,4,10,7,1,1,1,4,1,1,1,12,.213,.229,.340,.570,68,16,1,0,0,0,0,/46,hollija01
169,Andy Ibáñez,1,2025,32,DET,AL,9,30,27,3,5,3,1,0,1,7,0,0,2,2,.185,.267,.333,.600,74,9,1,1,0,0,0,/5H3,ibanean01
170,Kyle Isbel,1,2025,28,KCR,AL,15,44,41,5,11,8,2,0,1,3,0,1,1,12,.268,.286,.390,.676,93,16,0,0,2,0,0,*8,isbelky01
171,Danny Jansen,1,2025,30,TBR,AL,12,45,39,4,5,3,1,0,1,5,0,0,6,10,.128,.244,.231,.475,40,9,2,0,0,0,0,*2/H,janseda01
172,Edouard Julien,1,2025,26,MIN,AL,15,46,43,2,11,7,3,0,1,4,0,1,2,12,.256,.304,.395,.700,100,17,0,1,0,0,0,/4DH6,julieed01
173,Josh Jung,1,2025,27,TEX,AL,7,27,27,4,11,6,3,1,1,6,1,0,0,6,.407,.407,.704,1.111,221,19,0,0,0,0,0,/5,jungjo01
174,Jarred Kelenic,1,2025,25,ATL,NL,15,42,37,4,6,4,1,0,1,1,0,1,5,16,.162,.262,.270,.532,52,10,0,0,0,0,0,*9/7H,kelenja01
175,Max Kepler,1,2025,32,PHI,NL,14,56,49,7,11,7,3,0,1,2,0,0,7,10,.224,.321,.347,.668,92,17,2,0,0,0,1,*7/9H,keplema01
176,Alejandro Kirk,1,2025,26,TOR,AL,12,49,46,4,12,9,2,0,1,4,0,0,2,7,.261,.286,.370,.655,90,17,4,0,0,1,0,2/D,kirkal01
177,Heston Kjerstad,1,2025,26,BAL,AL,13,38,36,6,8,5,2,0,1,6,0,0,0,10,.222,.237,.361,.598,76,13,2,1,0,1,0,*/79HD,kjershe01
178,Francisco Lindor,1,2025,31,NYM,NL,15,68,59,9,13,8,4,0,1,6,2,0,5,10,.220,.279,.339,.618,79,20,1,1,0,3,0,*6,lindofr01
179,Manny Machado,1,2025,32,SDP,NL,17,71,63,15,20,12,7,0,1,6,6,0,8,11,.317,.394,.476,.871,148,30,2,0,0,0,1,*5/D,machama01
180,Martín Maldonado,1,2025,38,SDP,NL,10,26,26,2,7,6,0,0,1,2,0,0,0,8,.269,.269,.385,.654,85,10,0,0,0,0,0,2,maldoma01
181,Brandon Marsh,1,2025,27,PHI,NL,15,45,37,3,4,3,0,0,1,4,0,1,7,14,.108,.250,.189,.439,28,7,1,0,1,0,0,*8/7H,marshbr02
182,Starling Marte,1,2025,36,NYM,NL,10,32,26,3,5,3,1,0,1,6,1,0,1,9,.192,.313,.346,.659,92,9,0,4,0,1,0,/DH,martest01
183,Luis Matos,1,2025,23,SFG,NL,7,20,19,3,5,3,1,0,1,1,1,0,1,0,.263,.300,.474,.774,124,9,0,0,0,0,0,/978DH,matoslu02
184,Andrew McCutchen,1,2025,38,PIT,NL,13,42,37,4,10,7,2,0,1,5,0,0,5,8,.270,.357,.405,.763,116,15,1,0,0,0,0,/9DH,mccutan01
185,Zach McKinstry,1,2025,30,DET,AL,15,59,51,10,14,11,0,2,1,8,1,0,7,12,.275,.356,.412,.768,124,21,0,0,0,1,1,*9/5467H,mckinza01
186,José Miranda,1,2025,27,MIN,AL,12,36,36,2,6,5,0,0,1,5,0,0,0,13,.167,.167,.250,.417,18,9,0,0,0,0,0,*5/H,miranjo01
187,Mickey Moniak,1,2025,27,COL,NL,14,36,32,5,7,3,2,1,1,2,0,1,4,8,.219,.306,.438,.743,101,14,0,0,0,0,1,*/789H,moniami01
188,Christopher Morel,1,2025,26,TBR,AL,15,50,45,8,14,10,3,0,1,6,2,0,5,18,.311,.380,.444,.824,140,20,1,0,0,0,0,*7/H,morelch01
189,Ryan Mountcastle,1,2025,28,BAL,AL,15,50,48,8,13,10,2,0,1,4,0,0,2,10,.271,.300,.375,.675,101,18,2,0,0,0,0,*3/H,mountry01
190,Max Muncy,1,2025,22,ATH,AL,15,51,50,2,9,5,3,0,1,4,0,0,1,15,.180,.196,.300,.496,46,15,1,0,0,0,0,*4/H,muncyma02
191,Bo Naylor,1,2025,25,CLE,AL,10,37,32,4,6,5,0,0,1,2,0,0,5,9,.188,.297,.281,.579,71,9,0,0,0,0,0,2,naylobo01
192,Josh Naylor,1,2025,28,ARI,NL,16,68,59,8,19,12,6,0,1,10,4,0,8,6,.322,.397,.475,.872,146,28,4,0,0,1,1,*3/D,naylojo01
193,Ryan O'Hearn,1,2025,31,BAL,AL,11,44,39,6,10,6,3,0,1,1,1,0,5,5,.256,.341,.410,.751,124,16,1,0,0,0,0,/D39,ohearry01
194,Matt Olson,1,2025,31,ATL,NL,16,69,57,4,11,7,3,0,1,8,0,0,12,12,.193,.333,.298,.632,81,17,4,0,0,0,0,*3,olsonma02
195,Pedro Pagés,1,2025,26,STL,NL,12,39,38,5,11,6,4,0,1,9,0,0,1,8,.289,.308,.474,.781,120,18,0,0,0,0,0,*2/4,pagespe02
196,Oswald Peraza,1,2025,25,NYY,AL,7,16,15,4,4,1,2,0,1,3,0,0,1,5,.267,.313,.600,.913,158,9,0,0,0,0,0,/5H,perazos02
197,Yohel Pozo,1,2025,28,STL,NL,3,12,12,3,5,2,2,0,1,2,0,0,0,1,.417,.417,.833,1.250,247,10,0,0,0,0,0,/2,pozoyo01
198,Luke Raley,1,2025,30,SEA,AL,14,49,42,5,7,5,1,0,1,5,2,0,5,11,.167,.286,.262,.548,70,11,0,2,0,0,0,/93DH,raleylu01
199,Luis Rengifo,1,2025,28,LAA,AL,15,59,54,8,14,8,5,0,1,4,0,1,4,8,.259,.305,.407,.712,105,22,1,0,0,1,0,/54H,rengilu01
200,Luis Robert Jr.,1,2025,27,CHW,AL,14,58,49,7,8,6,1,0,1,4,6,2,6,16,.163,.250,.245,.495,47,12,1,0,0,1,0,*8/D,roberlu01
201,Amed Rosario,1,2025,29,WSN,NL,9,30,29,6,9,6,2,0,1,2,1,0,1,3,.310,.333,.483,.816,134,14,0,0,0,0,0,/54H6,rosaram01
202,Thomas Saggese,1,2025,23,STL,NL,7,18,17,3,8,7,0,0,1,4,0,0,0,4,.471,.444,.647,1.092,208,11,1,0,0,1,0,/465,saggeth01
203,Anthony Santander,1,2025,30,TOR,AL,17,75,67,5,13,9,3,0,1,3,0,0,8,18,.194,.280,.284,.564,65,19,1,0,0,0,0,/D97,santaan02
204,Daniel Schneemann,1,2025,28,CLE,AL,9,25,22,3,2,0,1,0,1,2,0,0,3,10,.091,.200,.273,.473,37,6,1,0,0,0,0,/485H,schneda04
205,Victor Scott II,1,2025,24,STL,NL,15,62,54,7,14,10,2,1,1,7,5,0,6,16,.259,.328,.389,.717,104,21,0,0,1,1,0,*8/97,scottvi01
206,Marcus Semien,1,2025,34,TEX,AL,15,62,57,4,7,5,1,0,1,5,0,1,5,12,.123,.194,.193,.387,15,11,2,0,0,0,0,*4,semiema01
207,Matt Shaw,1,2025,23,CHC,NL,18,68,58,11,10,8,1,0,1,3,0,0,10,18,.172,.294,.241,.535,58,14,0,0,0,0,0,*5/H,shawma01
208,Austin Slater,1,2025,32,CHW,AL,8,20,20,2,5,2,2,0,1,1,0,0,0,5,.250,.250,.500,.750,114,10,0,0,0,0,0,/9HD,slateau01
209,Pavin Smith,1,2025,29,ARI,NL,15,41,36,8,13,6,6,0,1,4,0,0,5,14,.361,.439,.611,1.050,194,22,2,0,0,0,0,D/H3,smithpa04
210,Cam Smith,1,2025,22,HOU,AL,12,43,39,4,8,6,0,1,1,6,1,0,3,11,.205,.279,.333,.612,79,13,0,1,0,0,0,*9,smithca07
211,Josh Smith,1,2025,27,TEX,AL,14,44,38,8,13,9,3,0,1,3,3,1,6,11,.342,.432,.500,.932,175,19,0,0,0,0,1,/54673,smithjo11
212,Will Smith,1,2025,30,LAD,NL,15,56,44,5,16,12,3,0,1,9,1,0,10,13,.364,.482,.500,.982,187,22,0,1,0,1,0,*2/H,smithwi05
213,Lenyn Sosa,1,2025,25,CHW,AL,14,48,47,3,10,7,2,0,1,5,0,0,1,12,.213,.229,.319,.548,60,15,1,0,0,0,0,*4/3H5,sosale01
214,Spencer Steer,1,2025,27,CIN,NL,13,50,46,5,5,2,2,0,1,3,0,0,4,12,.109,.180,.217,.397,10,10,2,0,0,0,0,*D,steersp01
215,Bryson Stott,1,2025,27,PHI,NL,14,58,52,6,13,9,3,0,1,6,1,0,6,14,.250,.328,.365,.693,98,19,0,0,0,0,0,*4,stottbr01
216,Kyle Stowers,1,2025,27,MIA,NL,14,61,51,8,16,11,3,1,1,10,1,0,8,17,.314,.410,.471,.880,142,24,2,1,0,1,0,*/97DH,stoweky01
217,Myles Straw,1,2025,30,TOR,AL,12,29,26,5,10,7,2,0,1,3,1,0,2,3,.385,.429,.577,1.005,191,15,0,0,1,0,0,8/H,strawmy01
218,Trey Sweeney,1,2025,25,DET,AL,15,49,44,5,10,6,2,1,1,7,1,0,5,9,.227,.306,.386,.692,101,17,1,0,0,0,0,*6/H,sweentr01
219,Michael A. Taylor,1,2025,34,CHW,AL,12,33,31,6,6,4,1,0,1,2,2,0,2,9,.194,.242,.323,.565,65,10,0,0,0,0,0,/7H98D,taylomi02
220,Rowdy Tellez,1,2025,30,SEA,AL,11,33,30,2,3,1,1,0,1,4,0,0,1,11,.100,.152,.233,.385,16,7,0,1,0,1,0,/3D,tellero01
221,Luis Torrens,1,2025,29,NYM,NL,12,36,34,2,10,5,4,0,1,5,0,0,2,9,.294,.333,.500,.833,139,17,0,0,0,0,0,*2/H,torrelu01
222,Gleyber Torres,1,2025,28,DET,AL,5,21,18,4,7,6,0,0,1,4,1,0,3,1,.389,.476,.556,1.032,201,10,0,0,0,0,0,/4,torregl01
223,Jose Trevino,1,2025,32,CIN,NL,13,31,28,5,7,5,1,0,1,4,0,0,2,3,.250,.300,.393,.693,91,11,0,0,1,0,0,*2,trevijo01
224,Trea Turner,1,2025,32,PHI,NL,14,61,55,7,13,9,3,0,1,4,4,0,6,14,.236,.311,.345,.657,88,19,0,0,0,0,0,*6/H,turnetr01
225,Luis Urías,1,2025,28,ATH,AL,8,17,13,1,4,3,0,0,1,2,0,0,2,1,.308,.375,.538,.913,169,7,1,0,0,1,0,/54H,uriaslu01
226,Andrew Vaughn,1,2025,27,CHW,AL,14,57,53,2,6,3,2,0,1,5,0,0,4,14,.113,.175,.208,.383,12,11,1,0,0,0,0,*3/D,vaughan01
227,LaMonte Wade Jr.,1,2025,31,SFG,NL,15,54,46,5,5,0,3,1,1,7,0,0,6,18,.109,.208,.283,.490,43,13,0,0,1,1,1,*3/HD,wadela01
228,Eric Wagaman,1,2025,27,MIA,NL,11,44,39,4,9,6,2,0,1,3,0,0,5,4,.231,.318,.359,.677,87,14,2,0,0,0,0,/3DH5,wagamer01
229,Christian Walker,1,2025,34,HOU,AL,16,67,58,7,10,8,1,0,1,2,0,0,8,20,.172,.284,.241,.525,56,14,2,1,0,0,0,*3,walkech02
230,Matt Wallner,1,2025,27,MIN,AL,17,66,56,7,14,6,5,2,1,3,0,0,9,19,.250,.364,.464,.828,137,26,0,1,0,0,0,*9/DH,wallnma01
231,Masyn Winn,1,2025,23,STL,NL,13,51,45,8,10,9,0,0,1,3,0,0,5,16,.222,.314,.289,.603,74,13,0,1,0,0,0,*6,winnma01
232,Austin Wynns,1,2025,34,CIN,NL,7,15,13,3,4,3,0,0,1,3,0,0,2,6,.308,.400,.538,.938,158,7,0,0,0,0,0,/2,wynnsau01
233,Luisangel Acuña,0,2025,23,NYM,NL,13,35,31,8,8,5,3,0,0,0,4,0,4,5,.258,.343,.355,.698,104,11,2,0,0,0,0,*4/H6,acunajo01
234,Riley Adams,0,2025,29,WSN,NL,3,5,5,0,0,0,0,0,0,0,0,0,0,3,.000,.000,.000,.000,-100,0,0,0,0,0,0,/2,adamsri03
235,Nick Allen,0,2025,26,ATL,NL,10,34,32,4,10,8,2,0,0,1,4,0,1,8,.313,.353,.375,.728,107,12,1,1,0,0,0,6/H,allenni02
236,Adael Amador,0,2025,22,COL,NL,2,6,6,0,0,0,0,0,0,0,0,0,0,2,.000,.000,.000,.000,-100,0,1,0,0,0,0,/4,amadoad01
237,Jacob Amaya,0,2025,26,CHW,AL,12,37,35,3,4,3,1,0,0,3,1,0,1,9,.114,.135,.143,.278,-18,5,1,0,0,1,0,*6,amayaja01
238,Tim Anderson,0,2025,32,LAA,AL,12,38,36,5,6,5,1,0,0,3,1,0,2,11,.167,.211,.194,.405,19,7,1,0,0,0,0,*6/4,anderti01
239,Orlando Arcia,0,2025,30,ATL,NL,7,25,24,1,5,4,1,0,0,1,0,0,1,7,.208,.240,.250,.490,39,6,0,0,0,0,0,/6,arciaor01
240,Ji Hwan Bae,0,2025,25,PIT,NL,2,4,4,0,0,0,0,0,0,0,0,0,0,3,.000,.000,.000,.000,-100,0,0,0,0,0,0,/7DH,baeji01
241,Javier Báez,0,2025,32,DET,AL,12,41,38,3,11,8,3,0,0,4,0,1,3,9,.289,.341,.368,.710,108,14,1,0,0,0,0,/568H,baezja01
242,Patrick Bailey,0,2025,26,SFG,NL,15,45,41,6,8,3,4,1,0,4,0,0,4,14,.195,.267,.341,.608,78,14,1,0,0,0,0,*2/H,bailepa01
243,Luken Baker,0,2025,28,STL,NL,11,26,23,2,6,4,2,0,0,2,0,0,3,6,.261,.346,.348,.694,100,8,3,0,0,0,0,/DH3,bakerlu01
244,Drake Baldwin,0,2025,24,ATL,NL,8,33,30,0,5,3,2,0,0,1,0,0,3,7,.167,.242,.233,.476,36,7,1,0,0,0,0,/2,baldwdr01
245,Austin Barnes,0,2025,35,LAD,NL,4,13,13,0,0,0,0,0,0,0,0,0,0,5,.000,.000,.000,.000,-100,0,1,0,0,0,0,/2,barneau01
246,Brett Baty,0,2025,25,NYM,NL,12,36,36,1,5,3,1,1,0,1,0,0,0,15,.139,.139,.222,.361,3,8,2,0,0,0,0,4/5H,batybr01
247,Jordan Beck,0,2025,24,COL,NL,9,23,20,2,3,3,0,0,0,1,3,0,3,8,.150,.261,.150,.411,17,3,1,0,0,0,0,/7H,beckjo01
248,Will Benson,0,2025,27,CIN,NL,1,4,4,0,0,0,0,0,0,0,0,0,0,4,.000,.000,.000,.000,-100,0,0,0,0,0,0,/7,bensowi01
249,Jon Berti,0,2025,35,CHC,NL,8,20,18,5,5,5,0,0,0,0,5,0,0,2,.278,.350,.278,.628,85,5,0,2,0,0,0,/45H9,bertijo01
250,Bo Bichette,0,2025,27,TOR,AL,17,81,74,6,22,17,5,0,0,10,0,1,4,13,.297,.346,.365,.711,108,27,2,2,0,1,1,*6,bichebo01
251,Cavan Biggio,0,2025,30,KCR,AL,12,30,26,1,5,5,0,0,0,2,0,0,3,8,.192,.276,.192,.468,38,5,0,0,1,0,0,/34795DH,biggica01
252,Jake Bird,0,2025,29,COL,NL,1,0,0,0,0,0,0,0,0,0,0,0,0,0,,,,,,0,0,0,0,0,0,/1,birdja01
253,Dairon Blanco,0,2025,32,KCR,AL,3,1,1,2,0,0,0,0,0,0,2,0,0,0,.000,.000,.000,.000,-100,0,0,0,0,0,0,/H,blancda02
254,Xander Bogaerts,0,2025,32,SDP,NL,17,70,59,8,17,12,5,0,0,5,4,0,9,14,.288,.386,.373,.759,119,22,2,1,0,1,2,*6,bogaexa01
255,Alec Bohm,0,2025,28,PHI,NL,15,65,64,4,10,8,2,0,0,3,0,0,1,15,.156,.169,.188,.357,2,12,3,0,0,0,0,*5,bohmal01
256,Rob Brantly,0,2025,35,MIA,NL,1,2,2,0,0,0,0,0,0,0,0,0,0,0,.000,.000,.000,.000,-100,0,0,0,0,0,0,/2,brantro01
257,Jonah Bride,0,2025,29,MIA,NL,12,45,40,3,4,4,0,0,0,2,0,0,5,15,.100,.200,.100,.300,-14,4,0,0,0,0,1,/D35H,bridejo01
258,Seth Brown,0,2025,32,ATH,AL,11,22,17,0,3,3,0,0,0,0,0,0,4,6,.176,.364,.176,.540,68,3,2,1,0,0,0,/H789,brownse01
259,Vidal Bruján,0,2025,27,CHC,NL,1,0,0,0,0,0,0,0,0,0,0,0,0,0,,,,,,0,0,0,0,0,0,/H,brujavi01
260,Kris Bryant,0,2025,33,COL,NL,11,41,39,2,6,4,2,0,0,1,0,0,2,13,.154,.195,.205,.400,10,8,1,0,0,0,0,D/H,bryankr01
261,Alec Burleson,0,2025,26,STL,NL,16,51,47,5,12,9,3,0,0,5,0,0,4,6,.255,.314,.319,.633,82,15,2,0,0,0,1,/D3H,burleal01
262,Oswaldo Cabrera,0,2025,26,NYY,AL,12,39,36,4,10,10,0,0,0,4,0,0,2,9,.278,.333,.278,.611,80,10,1,1,0,0,0,*5/379H,cabreos01
263,Alex Call,0,2025,30,WSN,NL,11,46,34,6,11,8,2,1,0,7,1,0,10,2,.324,.457,.441,.898,163,15,1,0,0,2,0,*/97,callal02
264,Mark Canha,0,2025,36,KCR,AL,7,17,14,4,5,3,2,0,0,0,0,0,2,3,.357,.471,.500,.971,181,7,0,1,0,0,0,/37HD,canhama01
265,Dominic Canzone,0,2025,27,SEA,AL,2,3,3,0,0,0,0,0,0,0,0,0,0,2,.000,.000,.000,.000,-100,0,0,0,0,0,0,/H9,canzodo01
266,Victor Caratini,0,2025,31,HOU,AL,9,24,21,4,5,4,1,0,0,1,0,0,2,3,.238,.333,.286,.619,84,6,1,1,0,0,0,/2H3,caratvi01
267,Dylan Carlson,0,2025,26,BAL,AL,2,6,4,1,0,0,0,0,0,1,0,0,1,4,.000,.167,.000,.167,-45,0,0,0,0,1,0,/79H,carlsdy01
268,Tsung-Che Cheng,0,2025,23,PIT,NL,3,7,7,0,0,0,0,0,0,0,0,1,0,3,.000,.000,.000,.000,-100,0,0,0,0,0,0,/64,chengts01
269,Angel Chivilli,0,2025,22,COL,NL,1,0,0,0,0,0,0,0,0,0,0,0,0,0,,,,,,0,0,0,0,0,0,/1,chivian01
270,Ernie Clement,0,2025,29,TOR,AL,16,46,40,3,8,6,2,0,0,5,1,0,4,7,.200,.267,.250,.517,52,10,2,0,1,1,0,*5/H,clemeer01
271,Kody Clemens,0,2025,29,PHI,NL,4,4,3,0,0,0,0,0,0,0,0,0,1,0,.000,.250,.000,.250,-21,0,0,0,0,0,0,/HD,clemeko01
272,Isaac Collins,0,2025,27,MIL,NL,12,25,24,2,5,2,3,0,0,0,2,0,1,5,.208,.240,.333,.573,61,8,1,0,0,0,0,/7HD9,colliis01
273,Carlos Correa,0,2025,30,MIN,AL,16,64,59,5,9,4,5,0,0,3,0,0,5,10,.153,.219,.237,.456,32,14,5,0,0,0,0,*6,correca01
274,J.P. Crawford,0,2025,30,SEA,AL,16,58,43,7,7,6,1,0,0,1,1,0,13,12,.163,.357,.186,.543,73,8,1,0,2,0,0,*6,crawfjp01
275,Dylan Crews,0,2025,23,WSN,NL,13,49,47,5,5,5,0,0,0,0,3,1,2,18,.106,.143,.106,.249,-26,5,0,0,0,0,0,*/98,crewsdy01
276,Travis d'Arnaud,0,2025,36,LAA,AL,7,19,18,0,2,2,0,0,0,1,0,0,0,3,.111,.158,.111,.269,-20,2,1,1,0,0,0,/2H,darnatr01
277,J.D. Davis,0,2025,32,LAA,AL,1,1,1,0,0,0,0,0,0,0,0,0,0,0,.000,.000,.000,.000,-100,0,0,0,0,0,0,/3,davisjd01
278,Henry Davis,0,2025,25,PIT,NL,3,10,10,0,1,1,0,0,0,0,0,0,0,2,.100,.100,.100,.200,-43,1,0,0,0,0,0,/2,davishe01
279,Paul DeJong,0,2025,31,WSN,NL,15,54,52,3,11,7,4,0,0,2,2,0,2,23,.212,.241,.288,.529,54,15,1,0,0,0,0,*5/6,dejonpa01
280,Bryan De La Cruz,0,2025,28,ATL,NL,14,46,43,1,8,7,1,0,0,0,1,0,3,17,.186,.239,.209,.448,29,9,1,0,0,0,0,*7/H9D,delacbr01
281,Jonny DeLuca,0,2025,26,TBR,AL,9,25,23,4,10,9,0,1,0,1,4,0,2,4,.435,.480,.522,1.002,193,12,0,0,0,0,0,/8DH,delucjo01
282,Zach Dezenzo,0,2025,25,HOU,AL,6,16,15,2,2,2,0,0,0,1,0,0,1,7,.133,.188,.133,.321,-4,2,1,0,0,0,0,/973,dezenza01
283,Elias Díaz,0,2025,34,SDP,NL,11,37,30,3,7,6,1,0,0,2,0,0,6,8,.233,.361,.267,.628,83,8,1,0,1,0,0,2/H,diazel01
284,Mauricio Dubón,0,2025,30,HOU,AL,10,25,22,2,4,2,2,0,0,1,2,0,2,3,.182,.250,.273,.523,53,6,0,0,1,0,0,/47H3589,dubonma01
285,Oliver Dunn,0,2025,27,MIL,NL,12,35,32,4,6,4,2,0,0,5,0,0,1,9,.188,.206,.250,.456,29,8,0,0,1,1,0,5/3H,dunnol01
286,Ezequiel Durán,0,2025,26,TEX,AL,6,12,11,0,0,0,0,0,0,1,0,0,0,4,.000,.000,.000,.000,-100,0,0,0,0,1,0,/5146H,duranez01
287,Jarren Duran,0,2025,28,BOS,AL,17,81,74,6,17,13,3,1,0,8,5,1,5,20,.230,.284,.297,.581,67,22,1,1,0,1,0,*7/89,duranja01
288,Xavier Edwards,0,2025,25,MIA,NL,15,69,58,10,18,15,3,0,0,5,6,1,10,15,.310,.406,.362,.768,114,21,0,0,0,1,1,*6/D,edwarxa01
289,J.C. Escarra,0,2025,30,NYY,AL,4,14,12,1,2,0,2,0,0,1,0,0,1,3,.167,.286,.333,.619,80,4,0,1,0,0,0,/2H,escarjc01
290,Santiago Espinal,0,2025,30,CIN,NL,13,42,40,4,11,9,2,0,0,2,0,0,2,2,.275,.310,.325,.635,77,13,2,0,0,0,0,/4597,espinsa01
291,Stuart Fairchild,0,2025,29,ATL,NL,8,16,16,1,1,0,0,1,0,0,1,0,0,4,.063,.063,.188,.250,-32,3,1,0,0,0,0,/9HD,faircst01
292,Kyle Farmer,0,2025,34,COL,NL,15,52,47,1,17,9,8,0,0,4,0,0,4,11,.362,.404,.532,.936,155,25,0,0,0,1,0,*4/D56H,farmeky01
293,Hunter Feduccia,0,2025,28,LAD,NL,2,3,2,0,0,0,0,0,0,0,0,0,1,1,.000,.333,.000,.333,8,0,0,0,0,0,0,/H3,feduchu01
294,Freddy Fermin,0,2025,30,KCR,AL,10,23,21,3,3,3,0,0,0,1,0,0,1,4,.143,.217,.143,.360,7,3,0,1,0,0,0,/2DH,fermifr01
295,Nick Fortes,0,2025,28,MIA,NL,7,22,20,1,6,3,2,1,0,3,0,0,0,5,.300,.333,.500,.833,126,10,1,1,1,0,0,/2,forteni01
296,Jake Fraley,0,2025,30,CIN,NL,13,37,35,3,6,5,1,0,0,1,1,1,2,6,.171,.216,.200,.416,17,7,0,0,0,0,0,*9/H,fraleja01
297,Tyler Freeman,0,2025,26,COL,NL,7,16,11,4,1,1,0,0,0,1,1,0,2,3,.091,.313,.091,.403,18,1,1,2,0,1,0,/4HD,freemty01
298,Sal Frelick,0,2025,25,MIL,NL,17,68,59,8,18,15,2,1,0,5,4,1,7,9,.305,.397,.373,.770,120,22,1,2,0,0,0,*9/85,frelisa01
299,Mitch Garver,0,2025,34,SEA,AL,9,27,22,1,4,4,0,0,0,0,1,0,4,7,.182,.333,.182,.515,64,4,1,1,0,0,0,/D2H,garvemi01
300,Mickey Gasper,0,2025,29,MIN,AL,9,21,17,1,2,2,0,0,0,0,0,0,4,6,.118,.286,.118,.403,22,2,0,0,0,0,0,/DH4237,gaspemi01
301,Romy González,0,2025,28,BOS,AL,6,21,18,6,8,5,3,0,0,3,0,0,3,3,.444,.524,.611,1.135,225,11,1,0,0,0,0,/34H5,gonzaro01
302,Oscar González,0,2025,27,SDP,NL,5,9,9,1,3,3,0,0,0,2,0,0,0,1,.333,.333,.333,.667,92,3,0,0,0,0,0,/79H,gonzaos01
303,Yuli Gurriel,0,2025,41,SDP,NL,9,25,23,2,3,2,1,0,0,3,0,0,2,6,.130,.200,.174,.374,8,4,0,0,0,0,0,/DH3,gourryu01
304,Randal Grichuk,0,2025,33,ARI,NL,13,27,24,2,6,1,5,0,0,3,0,0,3,6,.250,.333,.458,.792,122,11,2,0,0,0,1,D/H9,grichra01
305,Vladimir Guerrero Jr.,0,2025,26,TOR,AL,17,75,67,5,19,15,4,0,0,7,0,0,6,11,.284,.347,.343,.690,103,23,2,1,0,1,0,*3/DH,guerrvl02
306,David Hamilton,0,2025,27,BOS,AL,9,22,21,2,1,1,0,0,0,1,2,0,1,7,.048,.091,.048,.139,-59,1,0,0,0,0,0,/46HD,hamilda03
307,Garrett Hampson,0,2025,30,ARI,NL,9,21,14,6,2,2,0,0,0,0,1,1,6,4,.143,.400,.143,.543,62,2,0,0,1,0,0,/4H,hampsga01
308,Ryan Helsley,0,2025,30,STL,NL,1,0,0,0,0,0,0,0,0,0,0,0,0,0,,,,,,0,0,0,0,0,0,/1,helslry01
309,Gunnar Henderson,0,2025,24,BAL,AL,8,35,34,4,7,5,1,1,0,0,2,0,1,13,.206,.229,.294,.523,56,10,0,0,0,0,0,/6D,hendegu01
310,Liam Hicks,0,2025,26,MIA,NL,11,35,28,3,6,5,1,0,0,5,0,0,2,6,.214,.303,.250,.553,55,7,1,2,2,1,0,*2/H,hicksli01
311,Kyle Higashioka,0,2025,35,TEX,AL,8,28,26,1,5,3,2,0,0,2,0,0,2,3,.192,.250,.269,.519,54,7,0,0,0,0,0,/2,higasky01
312,Nico Hoerner,0,2025,28,CHC,NL,15,65,59,8,18,16,2,0,0,10,6,1,5,4,.305,.354,.339,.693,102,20,0,0,0,1,0,*4,hoernni01
313,Jeff Hoffman,0,2025,32,TOR,AL,1,0,0,0,0,0,0,0,0,0,0,0,0,0,,,,,,0,0,0,0,0,0,/1,hoffmje02
314,Rhys Hoskins,0,2025,32,MIL,NL,15,54,44,2,8,7,1,0,0,4,0,1,8,13,.182,.315,.205,.519,51,9,0,1,0,1,0,*3/H,hoskirh01
315,Sam Huff,0,2025,27,SFG,NL,6,17,16,0,2,2,0,0,0,0,0,0,1,8,.125,.176,.125,.301,-9,2,0,0,0,0,0,/2,huffsa01
316,Jacob Hurtubise,0,2025,27,CIN,NL,9,10,7,2,1,1,0,0,0,0,0,0,1,4,.143,.400,.143,.543,59,1,0,2,0,0,0,/H79,hurtuja01
317,Jose Iglesias,0,2025,35,SDP,NL,10,32,29,3,8,6,2,0,0,6,0,0,3,5,.276,.344,.345,.689,98,10,0,0,0,0,0,/457,iglesjo01
318,Jonathan India,0,2025,28,KCR,AL,16,67,56,5,11,8,3,0,0,3,0,1,10,8,.196,.328,.250,.578,70,14,1,1,0,0,0,/57D,indiajo01
319,Travis Jankowski,0,2025,34,CHW,AL,7,15,14,1,3,3,0,0,0,0,0,0,1,3,.214,.267,.214,.481,44,3,0,0,0,0,0,/9H8,jankotr01
320,Ryan Jeffers,0,2025,28,MIN,AL,10,38,35,1,7,6,1,0,0,4,0,0,3,8,.200,.263,.229,.492,44,8,0,0,0,0,0,/2D,jeffery01
321,Nolan Jones,0,2025,27,CLE,AL,13,41,35,2,5,2,3,0,0,2,1,1,6,16,.143,.268,.229,.497,48,8,1,0,0,0,0,*/98H,jonesno01
322,Greg Jones,0,2025,27,CHW,AL,1,0,0,0,0,0,0,0,0,0,1,0,0,0,,,,,,0,0,0,0,0,0,/H,jonesgr02
323,DaShawn Keirsey Jr.,0,2025,28,MIN,AL,10,7,7,1,0,0,0,0,0,0,2,0,0,4,.000,.000,.000,.000,-100,0,0,0,0,0,0,/H978D,keirsda01
324,Colt Keith,0,2025,23,DET,AL,16,61,49,7,9,7,2,0,0,2,0,0,12,16,.184,.344,.224,.569,71,11,1,0,0,0,0,*4/3DH,keithco01
325,Isiah Kiner-Falefa,0,2025,30,PIT,NL,17,60,53,6,14,12,1,1,0,5,4,2,5,8,.264,.339,.321,.660,89,17,0,1,1,0,0,*6/5,kineris01
326,Christian Koss,0,2025,27,SFG,NL,5,11,10,2,1,1,0,0,0,0,0,0,1,4,.100,.182,.100,.282,-14,1,0,0,0,0,0,/4H,kossch01
327,Ryan Kreidler,0,2025,27,DET,AL,13,34,30,4,4,4,0,0,0,0,1,0,2,14,.133,.188,.133,.321,-4,4,0,0,2,0,0,*8,kreidry01
328,Trevor Larnach,0,2025,28,MIN,AL,16,65,55,7,11,10,1,0,0,4,1,0,9,12,.200,.308,.218,.526,55,12,0,0,0,1,1,/7D,larnatr01
329,Ramón Laureano,0,2025,30,BAL,AL,9,11,10,0,1,1,0,0,0,0,0,0,1,5,.100,.182,.100,.282,-12,1,2,0,0,0,0,/79H8D,laurera01
330,Brooks Lee,0,2025,24,MIN,AL,2,6,5,0,1,1,0,0,0,1,0,0,1,0,.200,.333,.200,.533,59,1,0,0,0,0,0,/5,leebr02
331,Korey Lee,0,2025,26,CHW,AL,9,17,15,3,5,3,2,0,0,1,0,0,2,3,.333,.412,.467,.878,158,7,0,0,0,0,0,/2HD,leeko01
332,Brandon Lockridge,0,2025,28,SDP,NL,13,36,31,3,6,4,2,0,0,1,3,0,3,8,.194,.265,.258,.523,51,8,1,0,2,0,0,*/78H,lockrbr01
333,Nicky Lopez,0,2025,30,LAA,AL,4,6,6,0,0,0,0,0,0,0,0,0,0,1,.000,.000,.000,.000,-100,0,0,0,0,0,0,/5167,lopezni01
334,Josh Lowe,0,2025,27,TBR,AL,1,2,2,0,1,1,0,0,0,0,0,0,0,0,.500,.500,.500,1.000,194,1,0,0,0,0,0,/9,lowejo01
335,Nathan Lukes,0,2025,30,TOR,AL,12,29,24,6,4,3,1,0,0,3,0,1,4,4,.167,.310,.208,.519,55,5,1,1,0,0,0,/89H7,lukesna01
336,Gavin Lux,0,2025,27,CIN,NL,16,59,51,2,11,7,4,0,0,5,0,0,8,18,.216,.322,.294,.616,73,15,0,0,0,0,0,*7/4DH,luxga01
337,Justyn-Henry Malloy,0,2025,25,DET,AL,11,45,33,5,7,5,2,0,0,6,0,0,9,13,.212,.378,.273,.651,94,9,1,1,0,2,0,D/7H,malloju02
338,Jake Mangum,0,2025,29,TBR,AL,13,47,45,6,14,12,2,0,0,5,7,0,2,5,.311,.340,.356,.696,104,16,1,0,0,0,0,*9/87,manguja01
339,Joe Mantiply,0,2025,34,ARI,NL,1,0,0,0,0,0,0,0,0,0,0,0,0,0,,,,,,0,0,0,0,0,0,/1,mantijo01
340,Rafael Marchán,0,2025,26,PHI,NL,4,12,8,1,1,1,0,0,0,1,0,0,4,0,.125,.417,.125,.542,64,1,1,0,0,0,0,/2,marchra01
341,Manuel Margot,0,2025,30,DET,AL,6,20,19,1,6,6,0,0,0,3,0,0,0,6,.316,.300,.316,.616,80,6,0,0,0,1,0,/9H,margoma01
342,Ketel Marte,0,2025,31,ARI,NL,8,32,26,6,9,6,3,0,0,1,0,1,6,4,.346,.469,.462,.930,166,12,0,0,0,0,0,/4DH,marteke01
343,Noelvi Marté,0,2025,23,CIN,NL,3,7,6,2,1,1,0,0,0,0,1,0,1,0,.167,.286,.167,.452,30,1,0,0,0,0,0,/5H,marteno01
344,Justin Martínez,0,2025,23,ARI,NL,2,0,0,0,0,0,0,0,0,0,0,0,0,0,,,,,,0,0,0,0,0,0,/1,martiju01
345,Nick Martini,0,2025,35,COL,NL,14,37,34,3,10,9,1,0,0,1,0,0,3,6,.294,.351,.324,.675,87,11,1,0,0,0,1,*9/HD,martini02
346,Ángel Martínez,0,2025,23,CLE,AL,3,11,10,0,5,3,2,0,0,3,0,0,0,2,.500,.455,.700,1.155,233,7,0,0,0,1,0,/84,martian02
347,Michael Massey,0,2025,27,KCR,AL,16,62,59,3,11,8,3,0,0,5,0,0,1,11,.186,.210,.237,.447,29,14,1,1,0,1,0,*4/D,massemi02
348,Miles Mastrobuoni,0,2025,29,SEA,AL,11,24,22,3,7,7,0,0,0,0,1,1,2,2,.318,.375,.318,.693,116,7,1,0,0,0,0,/5H49,mastrmi01
349,Jorge Mateo,0,2025,30,BAL,AL,9,11,11,1,0,0,0,0,0,0,3,1,0,4,.000,.000,.000,.000,-100,0,1,0,0,0,0,/6HD8,mateojo01
350,Phil Maton,0,2025,32,STL,NL,1,0,0,0,0,0,0,0,0,0,0,0,0,0,,,,,,0,0,0,0,0,0,/1,matonph01
351,Jake McCarthy,0,2025,27,ARI,NL,12,38,33,1,3,2,1,0,0,3,1,0,3,5,.091,.184,.121,.305,-11,4,0,1,0,1,0,/87HD,mccarja02
352,Chas McCormick,0,2025,30,HOU,AL,11,19,12,1,3,3,0,0,0,0,0,1,4,6,.250,.438,.250,.688,109,3,1,0,3,0,0,/98H7D,mccorch01
353,Curtis Mead,0,2025,24,TBR,AL,10,24,21,1,4,3,1,0,0,1,0,0,2,6,.190,.292,.238,.530,57,5,1,1,0,0,0,/3H4D5,meadcu01
354,Chase Meidroth,0,2025,23,CHW,AL,3,10,7,3,3,3,0,0,0,0,0,0,3,1,.429,.600,.429,1.029,210,3,0,0,0,0,0,/46,meidrch01
355,MJ Melendez,0,2025,26,KCR,AL,14,44,39,3,3,2,1,0,0,0,0,0,3,16,.077,.182,.103,.284,-15,4,0,2,0,0,0,*/79HD,melenmj01
356,Jake Meyers,0,2025,29,HOU,AL,15,47,41,7,10,8,2,0,0,3,5,1,5,9,.244,.319,.293,.612,81,12,2,0,0,1,0,*8/H,meyerja02
357,Garrett Mitchell,0,2025,26,MIL,NL,16,47,41,4,9,7,2,0,0,2,1,0,5,14,.220,.319,.268,.587,69,11,0,1,0,0,0,*8,mitchga01
358,Yoán Moncada,0,2025,30,LAA,AL,8,27,21,3,4,2,2,0,0,4,0,0,6,8,.190,.370,.286,.656,94,6,0,0,0,0,0,/5H,moncayo01
359,Coco Montes,0,2025,28,TBR,AL,4,8,8,0,2,2,0,0,0,1,0,0,0,2,.250,.250,.250,.500,47,2,0,0,0,0,0,/547,monteco01
360,Gabriel Moreno,0,2025,25,ARI,NL,13,41,36,6,8,8,0,0,0,1,0,0,5,8,.222,.317,.222,.539,57,8,2,0,0,0,0,*2/H,morenga01
361,Max Muncy,0,2025,34,LAD,NL,16,60,52,2,9,5,4,0,0,3,0,0,6,25,.173,.267,.250,.517,52,13,0,1,0,1,0,*5/H,muncyma01
362,Dane Myers,0,2025,29,MIA,NL,11,31,30,2,10,8,2,0,0,2,1,1,1,8,.333,.355,.400,.755,108,12,1,0,0,0,0,*/89H,myersda01
363,Omar Narváez,0,2025,33,CHW,AL,3,7,6,1,2,2,0,0,0,3,0,0,0,1,.333,.286,.333,.619,82,2,0,0,0,1,0,/2,narvaom01
364,Carlos Narváez,0,2025,26,BOS,AL,11,40,36,3,7,4,3,0,0,4,0,1,4,9,.194,.275,.278,.553,60,10,2,0,0,0,0,2,narvaca01
365,Ryne Nelson,0,2025,27,ARI,NL,1,1,1,1,1,1,0,0,0,1,0,0,0,0,1.000,1.000,1.000,2.000,470,1,0,0,0,0,0,/1H,nelsory01
366,Kevin Newman,0,2025,31,LAA,AL,8,21,20,1,2,2,0,0,0,0,0,0,0,5,.100,.100,.100,.200,-42,2,1,0,1,0,0,/65H,newmake01
367,Tomás Nido,0,2025,31,DET,AL,1,4,4,0,0,0,0,0,0,0,0,0,0,2,.000,.000,.000,.000,-100,0,0,0,0,0,0,/2,nidoto01
368,Jhonkensy Noel,0,2025,23,CLE,AL,13,35,32,4,6,6,0,0,0,2,0,0,2,6,.188,.229,.188,.416,24,6,1,0,0,1,0,*9/H,noeljh01
369,Nasim Nuñez,0,2025,24,WSN,NL,1,3,3,2,2,1,1,0,0,0,0,0,0,1,.667,.667,1.000,1.667,378,3,0,0,0,0,0,/6,nunezna01
370,Jonathan Ornelas,0,2025,25,TEX,AL,3,5,4,0,0,0,0,0,0,0,0,0,1,3,.000,.200,.000,.200,-34,0,0,0,0,0,0,/6,orneljo01
371,Joey Ortiz,0,2025,26,MIL,NL,17,67,57,6,12,11,1,0,0,3,2,0,7,10,.211,.308,.228,.536,55,13,2,1,2,0,0,*6,ortizjo06
372,Joshua Palacios,0,2025,29,CHW,AL,3,5,4,0,0,0,0,0,0,0,0,0,1,2,.000,.200,.000,.200,-35,0,0,0,0,0,0,/9H,palacjo01
373,Andre Pallante,0,2025,26,STL,NL,1,0,0,0,0,0,0,0,0,0,0,0,0,0,,,,,,0,0,0,0,0,0,/1,pallaan01
374,Graham Pauley,0,2025,24,MIA,NL,12,44,41,3,8,4,4,0,0,3,0,0,2,10,.195,.233,.293,.525,44,12,0,0,1,0,0,*5,paulegr01
375,Joc Pederson,0,2025,33,TEX,AL,14,50,43,2,3,2,1,0,0,0,0,0,5,12,.070,.184,.093,.277,-15,4,4,1,0,0,0,*D/H,pederjo01
376,Jhonny Pereda,0,2025,29,ATH,AL,4,10,10,0,2,1,1,0,0,1,0,0,0,5,.200,.200,.300,.500,47,3,0,0,0,0,0,/21,peredjh01
377,Tommy Pham,0,2025,37,PIT,NL,16,59,50,5,7,5,2,0,0,5,3,0,7,17,.140,.254,.180,.434,26,9,2,1,0,1,1,*7/9H,phamth01
378,Kevin Pillar,0,2025,36,TEX,AL,9,16,16,4,5,4,1,0,0,1,1,0,0,3,.313,.313,.375,.688,103,6,0,0,0,0,0,/8H97D,pillake01
379,Jurickson Profar,0,2025,32,ATL,NL,4,16,15,2,3,3,0,0,0,0,0,0,1,3,.200,.250,.200,.450,30,3,0,0,0,0,0,/7,profaju01
380,A.J. Puk,0,2025,30,ARI,NL,2,0,0,0,0,0,0,0,0,0,0,0,0,0,,,,,,0,0,0,0,0,0,/1,pukaj01
381,Ceddanne Rafaela,0,2025,24,BOS,AL,15,55,50,8,11,10,0,1,0,7,3,0,4,9,.220,.291,.260,.551,60,13,0,1,0,0,0,*8/H,rafaece01
382,Colin Rea,0,2025,34,CHC,NL,1,1,1,0,0,0,0,0,0,0,0,0,0,1,.000,.000,.000,.000,-100,0,0,0,0,0,0,/1,reaco01
383,J.T. Realmuto,0,2025,34,PHI,NL,13,51,45,2,10,8,1,1,0,3,4,0,6,13,.222,.314,.289,.603,74,13,2,0,0,0,1,*2,realmjt01
384,Rob Refsnyder,0,2025,34,BOS,AL,7,17,16,3,4,4,0,0,0,0,2,0,1,5,.250,.294,.250,.544,59,4,1,0,0,0,0,/97H,refsnro01
385,Hunter Renfroe,0,2025,33,KCR,AL,12,43,39,0,5,4,1,0,0,3,0,0,4,12,.128,.209,.154,.363,7,6,2,0,0,0,0,*9,renfrhu01
386,Pablo Reyes,0,2025,31,NYY,AL,5,7,6,1,0,0,0,0,0,0,0,0,1,0,.000,.143,.000,.143,-54,0,0,0,0,0,0,/H59,reyespa01
387,Leo Rivas,0,2025,27,SEA,AL,3,8,6,1,1,1,0,0,0,0,1,0,2,2,.167,.375,.167,.542,74,1,0,0,0,0,0,/4,rivasle01
388,Víctor Robles,0,2025,28,SEA,AL,10,46,44,3,12,9,3,0,0,3,3,0,0,7,.273,.283,.341,.624,91,15,1,1,0,1,0,9,roblevi01
389,Brayan Rocchio,0,2025,24,CLE,AL,15,46,42,3,9,7,2,0,0,3,0,2,2,7,.214,.283,.262,.545,61,11,3,2,0,0,0,*6,rocchbr01
390,Alan Roden,0,2025,25,TOR,AL,16,50,44,4,11,9,2,0,0,2,0,0,3,7,.250,.320,.295,.615,82,13,0,2,0,1,0,*7/9H,rodenal01
391,Brendan Rodgers,0,2025,28,HOU,AL,11,38,33,3,8,6,2,0,0,4,0,1,5,12,.242,.342,.303,.645,92,10,2,0,0,0,0,4/DH,rodgebr02
392,Endy Rodríguez,0,2025,25,PIT,NL,15,50,45,4,8,5,3,0,0,2,0,1,5,12,.178,.260,.244,.504,44,11,0,0,0,0,0,3/2H,rodrien01
393,Johnathan Rodríguez,0,2025,25,CLE,AL,4,5,5,0,0,0,0,0,0,0,0,0,0,3,.000,.000,.000,.000,-100,0,0,0,0,0,0,/7HD,rodrijo10
394,Jake Rogers,0,2025,30,DET,AL,6,22,18,3,4,3,0,1,0,0,0,0,4,5,.222,.364,.333,.697,106,6,0,0,0,0,0,/2,rogerja03
395,Johan Rojas,0,2025,24,PHI,NL,8,19,16,0,4,4,0,0,0,2,1,0,2,5,.250,.333,.250,.583,70,4,0,0,1,0,0,/8H,rojasjo03
396,Miguel Rojas,0,2025,36,LAD,NL,11,32,31,0,5,5,0,0,0,0,0,0,1,3,.161,.188,.161,.349,3,5,2,0,0,0,0,/6451,rojasmi02
397,Ben Rortvedt,0,2025,27,TBR,AL,5,16,14,1,0,0,0,0,0,1,0,0,2,3,.000,.125,.000,.125,-59,0,0,0,0,0,0,/2,rortvbe01
398,Blake Sabol,0,2025,27,BOS,AL,4,7,6,1,1,1,0,0,0,1,0,0,0,3,.167,.143,.167,.310,-11,1,1,0,0,1,0,/2DH,sabolbl01
399,Gary Sánchez,0,2025,32,BAL,AL,7,18,15,0,1,1,0,0,0,3,0,0,1,7,.067,.167,.067,.233,-27,1,0,1,0,1,0,/2DH,sanchga02
400,Nick Sandlin,0,2025,28,TOR,AL,1,0,0,0,0,0,0,0,0,0,0,0,0,0,,,,,,0,0,0,0,0,0,/1,sandlni01
401,Javier Sanoja,0,2025,22,MIA,NL,9,30,27,3,8,8,0,0,0,1,1,1,2,9,.296,.345,.296,.641,79,8,0,0,1,0,0,/756814H,sanojja01
402,Casey Schmitt,0,2025,26,SFG,NL,6,16,15,1,3,1,2,0,0,0,0,0,0,5,.200,.250,.333,.583,71,5,0,1,0,0,0,/3H4D,schmica01
403,Davis Schneider,0,2025,26,TOR,AL,10,21,15,2,1,1,0,0,0,1,0,0,5,8,.067,.333,.067,.400,26,1,1,1,0,0,0,/7H4,schneda03
404,Max Schuemann,0,2025,28,ATH,AL,8,10,10,0,1,1,0,0,0,0,0,1,0,3,.100,.100,.100,.200,-40,1,1,0,0,0,0,/H4567,schuema01
405,Hayden Senger,0,2025,28,NYM,NL,10,21,20,3,5,4,1,0,0,0,0,0,1,4,.250,.286,.300,.586,71,6,0,0,0,0,0,2,sengeha01
406,Michael Siani,0,2025,25,STL,NL,12,10,9,2,2,2,0,0,0,0,0,0,1,3,.222,.300,.222,.522,53,2,0,0,0,0,0,8/H,sianimi01
407,Jose Siri,0,2025,29,NYM,NL,10,24,20,5,1,0,1,0,0,1,2,0,4,8,.050,.208,.100,.308,-6,2,0,0,0,0,0,/8H,sirijo01
408,Donovan Solano,0,2025,37,SEA,AL,9,19,19,1,2,2,0,0,0,0,0,0,0,7,.105,.105,.105,.211,-35,2,0,0,0,0,0,/3H5,solando01
409,Edmundo Sosa,0,2025,29,PHI,NL,9,28,27,4,12,8,4,0,0,6,0,0,1,9,.444,.464,.593,1.057,200,16,0,0,0,0,0,/64H578,sosaed01
410,Jacob Stallings,0,2025,35,COL,NL,7,23,21,0,2,2,0,0,0,0,0,0,1,12,.095,.136,.095,.232,-35,2,0,0,1,0,0,/2H,stallja01
411,Jack Suwinski,0,2025,26,PIT,NL,11,34,28,4,3,2,1,0,0,1,3,0,6,14,.107,.265,.143,.408,20,4,1,0,0,0,1,/798,suwinja01
412,Mike Tauchman,0,2025,34,CHW,AL,3,12,10,1,4,4,0,0,0,0,0,0,2,2,.400,.500,.400,.900,170,4,0,0,0,0,0,/9,tauchmi01
413,Leody Taveras,0,2025,26,TEX,AL,15,45,44,3,9,8,0,1,0,4,5,1,1,15,.205,.222,.250,.472,40,11,0,0,0,0,0,*8,taverle01
414,Tim Tawa,0,2025,26,ARI,NL,5,16,14,3,3,2,1,0,0,4,0,0,1,2,.214,.250,.286,.536,52,4,0,0,0,1,0,/4H,tawati01
415,Tyrone Taylor,0,2025,31,NYM,NL,10,39,38,1,6,5,0,1,0,1,0,1,0,9,.158,.179,.211,.390,13,8,1,1,0,0,0,/879H,tayloty01
416,Chris Taylor,0,2025,34,LAD,NL,8,8,8,1,2,2,0,0,0,0,0,1,0,3,.250,.250,.250,.500,46,2,0,0,0,0,0,/78H,tayloch03
417,José Tena,0,2025,24,WSN,NL,5,8,8,0,1,1,0,0,0,0,0,0,0,2,.125,.125,.125,.250,-27,1,0,0,0,0,0,/5H,tenajo01
418,Matt Thaiss,0,2025,30,CHW,AL,11,34,25,3,6,4,2,0,0,3,0,1,8,7,.240,.412,.320,.732,120,8,2,0,0,1,0,*2/H,thaisma01
419,Lane Thomas,0,2025,29,CLE,AL,8,33,30,0,5,4,1,0,0,2,1,0,1,8,.167,.212,.200,.412,22,6,1,1,0,1,0,/8,thomala02
420,Alek Thomas,0,2025,25,ARI,NL,11,36,32,5,11,7,2,2,0,10,1,1,2,6,.344,.389,.531,.920,158,17,0,1,0,1,0,8/DH,thomaal01
421,Ryan Thompson,0,2025,33,ARI,NL,1,0,0,0,0,0,0,0,0,0,0,0,0,0,,,,,,0,0,0,0,0,0,/1,thompry02
422,Michael Toglia,0,2025,26,COL,NL,16,63,60,4,10,7,3,0,0,1,1,0,2,29,.167,.206,.217,.423,17,13,0,1,0,0,1,*3,toglimi01
423,Tyler Tolbert,0,2025,27,KCR,AL,6,3,3,1,0,0,0,0,0,0,4,0,0,2,.000,.000,.000,.000,-100,0,0,0,0,0,0,/H8D9,tolbety01
424,Ezequiel Tovar,0,2025,23,COL,NL,15,66,62,4,14,9,4,1,0,4,2,2,3,12,.226,.273,.323,.595,63,20,0,1,0,0,0,*6,tovarez01
425,Jared Triolo,0,2025,27,PIT,NL,6,18,17,1,1,1,0,0,0,0,0,0,1,5,.059,.111,.059,.170,-50,1,1,0,0,0,0,/435H,triolja01
426,Chadwick Tromp,0,2025,30,ATL,NL,2,6,5,0,0,0,0,0,0,0,0,0,1,2,.000,.167,.000,.167,-48,0,1,0,0,0,0,/2,trompch01
427,Justin Turner,0,2025,40,CHC,NL,11,35,29,3,5,5,0,0,0,4,0,0,4,7,.172,.286,.172,.458,37,5,0,1,0,1,0,/3HD5,turneju01
428,Ramón Urías,0,2025,31,BAL,AL,11,39,35,1,12,11,1,0,0,5,0,0,4,5,.343,.410,.371,.782,137,13,1,0,0,0,0,5/DH,uriasra01
429,Gio Urshela,0,2025,33,ATH,AL,12,42,39,2,7,4,3,0,0,4,0,0,2,9,.179,.220,.256,.476,42,10,1,0,1,0,0,*5,urshegi01
430,Enmanuel Valdéz,0,2025,26,PIT,NL,11,33,29,2,6,2,3,1,0,6,0,0,4,8,.207,.303,.379,.682,92,11,0,0,0,0,0,/349H,valdeen01
431,Miguel Vargas,0,2025,25,CHW,AL,15,62,54,5,8,5,3,0,0,6,1,0,7,18,.148,.258,.204,.462,38,11,0,1,0,0,0,*5/D,vargami01
432,Christian Vázquez,0,2025,34,MIN,AL,11,29,26,1,3,1,2,0,0,1,0,1,2,5,.115,.172,.192,.365,5,5,1,0,0,1,0,2/H,vazquch01
433,Zac Veen,0,2025,23,COL,NL,7,26,24,0,3,2,1,0,0,1,0,1,2,9,.125,.192,.167,.359,0,4,0,0,0,0,0,/79,veenza01
434,Mark Vientos,0,2025,25,NYM,NL,16,67,58,4,8,4,4,0,0,4,0,0,9,13,.138,.254,.207,.461,36,12,1,0,0,0,0,*5/D,vientma01
435,Tyler Wade,0,2025,30,SDP,NL,3,4,4,0,1,1,0,0,0,0,0,0,0,2,.250,.250,.250,.500,44,1,0,0,0,0,0,/84,wadety01
436,Will Wagner,0,2025,26,TOR,AL,13,46,40,3,8,6,2,0,0,2,0,0,5,10,.200,.289,.250,.539,59,10,0,0,1,0,0,/5D3H,wagnewi01
437,Taylor Walls,0,2025,28,TBR,AL,15,49,41,6,7,7,0,0,0,2,3,0,8,11,.171,.306,.171,.477,44,7,0,0,0,0,0,*6,wallsta01
438,Drew Waters,0,2025,26,KCR,AL,4,11,11,1,2,2,0,0,0,0,0,1,0,6,.182,.182,.182,.364,5,2,0,0,0,0,0,/798,waterdr01
439,Eli White,0,2025,31,ATL,NL,10,12,10,3,2,1,1,0,0,0,1,0,2,4,.200,.333,.300,.633,82,3,0,0,0,0,0,/7H98D,whiteel04
440,Jesse Winker,0,2025,31,NYM,NL,10,32,29,0,5,2,1,2,0,4,0,0,3,9,.172,.250,.345,.595,71,10,0,0,0,0,0,/DH,winkeje01
441,Connor Wong,0,2025,29,BOS,AL,9,26,23,0,2,2,0,0,0,0,1,0,3,7,.087,.192,.087,.279,-16,2,1,0,0,0,0,/2HD,wongco01
442,Gage Workman,0,2025,25,CHC,NL,6,10,9,0,2,1,1,0,0,2,1,0,1,5,.222,.300,.333,.633,84,3,0,0,0,0,0,/56DH,workmga01
443,Jacob Young,0,2025,25,WSN,NL,13,36,28,5,7,6,1,0,0,1,1,3,6,2,.250,.400,.286,.686,104,8,2,1,1,0,0,*8/DH,youngja03